date,scheduled_start,home_team,away_team,competition,stadium_name,type,half,minute,second,team,player,coord_1_x,coord_1_y,coord_1_z,receiver,coord_2_x,coord_2_y,coord_2_z,reason
25-05-2024,17:30,Godoy Cruz,San Lorenzo,Argentina - Torneo Betano 2024,Malvinas Argentinas,steal,1,3,33,Godoy Cruz,Vicente Poggi,-0.18,-0.36,-1.0,,,,,
25-05-2024,17:30,Godoy Cruz,San Lorenzo,Argentina - Torneo Betano 2024,Malvinas Argentinas,steal,1,4,14,Godoy Cruz,Juan Bautista Cejas,0.38,0.64,-1.0,,,,,
25-05-2024,17:30,Godoy Cruz,San Lorenzo,Argentina - Torneo Betano 2024,Malvinas Argentinas,steal,1,6,5,Godoy Cruz,Nicolás Fernández,0.35,0.06,-1.0,,,,,
25-05-2024,17:30,Godoy Cruz,San Lorenzo,Argentina - Torneo Betano 2024,Malvinas Argentinas,steal,1,8,51,San Lorenzo,Elián Irala,0.42,-0.29,-1.0,,,,,
25-05-2024,17:30,Godoy Cruz,San Lorenzo,Argentina - Torneo Betano 2024,Malvinas Argentinas,steal,1,10,17,Godoy Cruz,Thomas Galdames,-0.44,0.82,-1.0,,,,,
25-05-2024,17:30,Godoy Cruz,San Lorenzo,Argentina - Torneo Betano 2024,Malvinas Argentinas,steal,1,10,24,San Lorenzo,Nahuel Barrios,-0.35,0.82,-1.0,,,,,
25-05-2024,17:30,Godoy Cruz,San Lorenzo,Argentina - Torneo Betano 2024,Malvinas Argentinas,steal,1,12,36,Godoy Cruz,Vicente Poggi,-0.26,0.76,-1.0,,,,,
25-05-2024,17:30,Godoy Cruz,San Lorenzo,Argentina - Torneo Betano 2024,Malvinas Argentinas,steal,1,13,17,Godoy Cruz,Nicolás Fernández,-0.35,0.31,-1.0,,,,,
25-05-2024,17:30,Godoy Cruz,San Lorenzo,Argentina - Torneo Betano 2024,Malvinas Argentinas,steal,1,13,35,San Lorenzo,Elián Irala,0.33,0.73,-1.0,,,,,
25-05-2024,17:30,Godoy Cruz,San Lorenzo,Argentina - Torneo Betano 2024,Malvinas Argentinas,steal,1,16,18,San Lorenzo,Eric Remedi,0.44,-0.68,-1.0,,,,,
25-05-2024,17:30,Godoy Cruz,San Lorenzo,Argentina - Torneo Betano 2024,Malvinas Argentinas,steal,1,16,49,Godoy Cruz,Thomas Galdames,0.29,-0.52,-1.0,,,,,
25-05-2024,17:30,Godoy Cruz,San Lorenzo,Argentina - Torneo Betano 2024,Malvinas Argentinas,steal,1,32,25,Godoy Cruz,Bruno Leyes,-0.33,0.37,-1.0,,,,,
25-05-2024,17:30,Godoy Cruz,San Lorenzo,Argentina - Torneo Betano 2024,Malvinas Argentinas,steal,1,36,45,San Lorenzo,Eric Remedi,-0.07,0.79,-1.0,,,,,
25-05-2024,17:30,Godoy Cruz,San Lorenzo,Argentina - Torneo Betano 2024,Malvinas Argentinas,steal,1,38,29,Godoy Cruz,Vicente Poggi,-0.19,0.0,-1.0,,,,,
25-05-2024,17:30,Godoy Cruz,San Lorenzo,Argentina - Torneo Betano 2024,Malvinas Argentinas,steal,1,38,46,San Lorenzo,Eric Remedi,0.45,0.69,-1.0,,,,,
25-05-2024,17:30,Godoy Cruz,San Lorenzo,Argentina - Torneo Betano 2024,Malvinas Argentinas,steal,1,58,14,Godoy Cruz,Bruno Leyes,-0.37,0.29,-1.0,,,,,
25-05-2024,17:30,Godoy Cruz,San Lorenzo,Argentina - Torneo Betano 2024,Malvinas Argentinas,steal,2,46,20,San Lorenzo,Agustín Giay,0.12,0.68,-1.0,,,,,
25-05-2024,17:30,Godoy Cruz,San Lorenzo,Argentina - Torneo Betano 2024,Malvinas Argentinas,steal,2,46,26,Godoy Cruz,Tomás Conechny,0.28,0.66,-1.0,,,,,
25-05-2024,17:30,Godoy Cruz,San Lorenzo,Argentina - Torneo Betano 2024,Malvinas Argentinas,foul,1,0,44,Godoy Cruz,Nicolás Fernández,-0.26,-0.61,-1.0,Eric Remedi,,,,
25-05-2024,17:30,Godoy Cruz,San Lorenzo,Argentina - Torneo Betano 2024,Malvinas Argentinas,foul,1,8,6,Godoy Cruz,Pier Barrios,0.19,0.14,-1.0,Adam Bareiro,,,,
25-05-2024,17:30,Godoy Cruz,San Lorenzo,Argentina - Torneo Betano 2024,Malvinas Argentinas,foul,1,8,53,Godoy Cruz,Nicolás Fernández,0.35,-0.36,-1.0,Eric Remedi,,,,
25-05-2024,17:30,Godoy Cruz,San Lorenzo,Argentina - Torneo Betano 2024,Malvinas Argentinas,foul,1,11,6,San Lorenzo,Jhohan Romaña,0.33,0.65,-1.0,Nahuel Ulariaga,,,,
25-05-2024,17:30,Godoy Cruz,San Lorenzo,Argentina - Torneo Betano 2024,Malvinas Argentinas,foul,1,17,0,Godoy Cruz,Vicente Poggi,-0.12,0.5,-1.0,Cristian Ferreira,,,,
25-05-2024,17:30,Godoy Cruz,San Lorenzo,Argentina - Torneo Betano 2024,Malvinas Argentinas,foul,1,18,6,San Lorenzo,Eric Remedi,-0.11,-0.46,-1.0,Nahuel Ulariaga,,,,
25-05-2024,17:30,Godoy Cruz,San Lorenzo,Argentina - Torneo Betano 2024,Malvinas Argentinas,foul,1,19,54,San Lorenzo,Eric Remedi,,,,,,,,
25-05-2024,17:30,Godoy Cruz,San Lorenzo,Argentina - Torneo Betano 2024,Malvinas Argentinas,foul,1,27,44,San Lorenzo,Cristian Ferreira,-0.43,0.81,-1.0,Pier Barrios,,,,
25-05-2024,17:30,Godoy Cruz,San Lorenzo,Argentina - Torneo Betano 2024,Malvinas Argentinas,foul,1,33,42,San Lorenzo,Agustín Giay,0.3,-0.5,-1.0,Tomás Conechny,,,,
25-05-2024,17:30,Godoy Cruz,San Lorenzo,Argentina - Torneo Betano 2024,Malvinas Argentinas,foul,1,36,15,Godoy Cruz,Nahuel Ulariaga,0.53,0.83,-1.0,Jhohan Romaña,,,,
25-05-2024,17:30,Godoy Cruz,San Lorenzo,Argentina - Torneo Betano 2024,Malvinas Argentinas,foul,1,37,4,Godoy Cruz,Tomás Conechny,0.34,-0.7,-1.0,Agustín Giay,,,,
25-05-2024,17:30,Godoy Cruz,San Lorenzo,Argentina - Torneo Betano 2024,Malvinas Argentinas,foul,1,47,41,San Lorenzo,Adam Bareiro,-0.94,0.21,-1.0,Franco Petroli,,,,
25-05-2024,17:30,Godoy Cruz,San Lorenzo,Argentina - Torneo Betano 2024,Malvinas Argentinas,foul,1,58,33,Godoy Cruz,Vicente Poggi,-0.22,0.75,-1.0,Eric Remedi,,,,
25-05-2024,17:30,Godoy Cruz,San Lorenzo,Argentina - Torneo Betano 2024,Malvinas Argentinas,foul,1,57,55,Godoy Cruz,Tomás Conechny,0.18,-0.67,-1.0,Iván Leguizamón,,,,
25-05-2024,17:30,Godoy Cruz,San Lorenzo,Argentina - Torneo Betano 2024,Malvinas Argentinas,shot,1,6,12,Godoy Cruz,Tomás Conechny,0.56,-0.46,-1.0,Gastón Gómez,0.98,-0.01,0.47,
25-05-2024,17:30,Godoy Cruz,San Lorenzo,Argentina - Torneo Betano 2024,Malvinas Argentinas,shot,1,21,8,Godoy Cruz,Thomas Galdames,0.47,0.42,-1.0,,0.98,0.08,-1.0,
25-05-2024,17:30,Godoy Cruz,San Lorenzo,Argentina - Torneo Betano 2024,Malvinas Argentinas,shot,1,21,46,San Lorenzo,Iván Leguizamón,-0.5,-0.27,-1.0,Franco Petroli,-0.98,0.1,0.12,
25-05-2024,17:30,Godoy Cruz,San Lorenzo,Argentina - Torneo Betano 2024,Malvinas Argentinas,shot,1,24,27,Godoy Cruz,Lucas Arce,0.37,-0.38,-1.0,,0.99,-0.29,-1.0,
25-05-2024,17:30,Godoy Cruz,San Lorenzo,Argentina - Torneo Betano 2024,Malvinas Argentinas,shot,1,30,42,San Lorenzo,Cristian Ferreira,-0.76,0.11,-1.0,,-1.0,0.06,-1.0,
25-05-2024,17:30,Godoy Cruz,San Lorenzo,Argentina - Torneo Betano 2024,Malvinas Argentinas,shot,1,34,11,Godoy Cruz,Nahuel Ulariaga,0.82,-0.03,-1.0,,1.0,0.07,0.4,
25-05-2024,17:30,Godoy Cruz,San Lorenzo,Argentina - Torneo Betano 2024,Malvinas Argentinas,shot,1,47,38,San Lorenzo,Adam Bareiro,-0.77,0.14,-1.0,,-0.99,0.15,0.25,
25-05-2024,17:30,Godoy Cruz,San Lorenzo,Argentina - Torneo Betano 2024,Malvinas Argentinas,shot,1,47,40,San Lorenzo,Adam Bareiro,-0.99,0.13,0.28,Franco Petroli,-0.99,0.13,0.28,
25-05-2024,17:30,Godoy Cruz,San Lorenzo,Argentina - Torneo Betano 2024,Malvinas Argentinas,shot,1,59,14,San Lorenzo,Agustín Giay,-0.72,0.22,-1.0,,-0.99,-0.01,0.11,
25-05-2024,17:30,Godoy Cruz,San Lorenzo,Argentina - Torneo Betano 2024,Malvinas Argentinas,var,1,48,25,San Lorenzo,,,,,,,,,Revisión Gol
25-05-2024,17:30,Godoy Cruz,San Lorenzo,Argentina - Torneo Betano 2024,Malvinas Argentinas,var,1,51,34,San Lorenzo,,,,,,,,,Gol anulado
25-05-2024,17:30,Godoy Cruz,San Lorenzo,Argentina - Torneo Betano 2024,Malvinas Argentinas,goal_kick,1,1,45,Godoy Cruz,Franco Petroli,,,,,,,,
25-05-2024,17:30,Godoy Cruz,San Lorenzo,Argentina - Torneo Betano 2024,Malvinas Argentinas,goal_kick,1,3,17,Godoy Cruz,Franco Petroli,,,,,,,,
25-05-2024,17:30,Godoy Cruz,San Lorenzo,Argentina - Torneo Betano 2024,Malvinas Argentinas,goal_kick,1,10,32,Godoy Cruz,Franco Petroli,,,,,,,,
25-05-2024,17:30,Godoy Cruz,San Lorenzo,Argentina - Torneo Betano 2024,Malvinas Argentinas,goal_kick,1,19,7,San Lorenzo,Gastón Gómez,,,,,,,,
25-05-2024,17:30,Godoy Cruz,San Lorenzo,Argentina - Torneo Betano 2024,Malvinas Argentinas,goal_kick,1,21,14,San Lorenzo,Gastón Gómez,,,,,,,,
25-05-2024,17:30,Godoy Cruz,San Lorenzo,Argentina - Torneo Betano 2024,Malvinas Argentinas,goal_kick,1,24,34,San Lorenzo,Gastón Gómez,,,,,,,,
25-05-2024,17:30,Godoy Cruz,San Lorenzo,Argentina - Torneo Betano 2024,Malvinas Argentinas,goal_kick,1,30,49,Godoy Cruz,Franco Petroli,,,,,,,,
25-05-2024,17:30,Godoy Cruz,San Lorenzo,Argentina - Torneo Betano 2024,Malvinas Argentinas,goal_kick,1,57,29,Godoy Cruz,Franco Petroli,,,,,,,,
25-05-2024,17:30,Godoy Cruz,San Lorenzo,Argentina - Torneo Betano 2024,Malvinas Argentinas,throw_in,1,0,24,San Lorenzo,Agustín Giay,-0.19,-0.99,-1.0,,-0.52,-0.81,-1.0,
25-05-2024,17:30,Godoy Cruz,San Lorenzo,Argentina - Torneo Betano 2024,Malvinas Argentinas,throw_in,1,2,30,San Lorenzo,Elías Báez,-0.26,0.95,-1.0,,-0.84,0.78,-1.0,
25-05-2024,17:30,Godoy Cruz,San Lorenzo,Argentina - Torneo Betano 2024,Malvinas Argentinas,throw_in,1,2,40,San Lorenzo,Elías Báez,-0.68,0.95,-1.0,,-0.68,0.5,-1.0,
25-05-2024,17:30,Godoy Cruz,San Lorenzo,Argentina - Torneo Betano 2024,Malvinas Argentinas,throw_in,1,4,7,Godoy Cruz,Lucas Arce,0.33,0.97,-1.0,,0.49,0.66,-1.0,
25-05-2024,17:30,Godoy Cruz,San Lorenzo,Argentina - Torneo Betano 2024,Malvinas Argentinas,throw_in,1,5,0,Godoy Cruz,Lucas Arce,-0.17,0.97,-1.0,,-0.37,0.7,-1.0,
25-05-2024,17:30,Godoy Cruz,San Lorenzo,Argentina - Torneo Betano 2024,Malvinas Argentinas,throw_in,1,8,44,Godoy Cruz,Thomas Galdames,0.11,-0.95,-1.0,,0.36,-0.69,-1.0,
25-05-2024,17:30,Godoy Cruz,San Lorenzo,Argentina - Torneo Betano 2024,Malvinas Argentinas,throw_in,1,11,58,San Lorenzo,Agustín Giay,-0.3,-0.98,-1.0,,-0.14,-0.66,-1.0,
25-05-2024,17:30,Godoy Cruz,San Lorenzo,Argentina - Torneo Betano 2024,Malvinas Argentinas,throw_in,1,13,15,San Lorenzo,Nahuel Barrios,-0.54,0.98,-1.0,,-0.49,0.54,-1.0,
25-05-2024,17:30,Godoy Cruz,San Lorenzo,Argentina - Torneo Betano 2024,Malvinas Argentinas,throw_in,1,15,45,Godoy Cruz,Lucas Arce,-0.16,0.95,-1.0,,-0.36,0.58,-1.0,
25-05-2024,17:30,Godoy Cruz,San Lorenzo,Argentina - Torneo Betano 2024,Malvinas Argentinas,throw_in,1,16,28,Godoy Cruz,Thomas Galdames,0.4,-0.98,-1.0,,0.57,-0.73,-1.0,
25-05-2024,17:30,Godoy Cruz,San Lorenzo,Argentina - Torneo Betano 2024,Malvinas Argentinas,throw_in,1,17,41,San Lorenzo,Agustín Giay,-0.27,-0.98,-1.0,,-0.49,-0.62,-1.0,
25-05-2024,17:30,Godoy Cruz,San Lorenzo,Argentina - Torneo Betano 2024,Malvinas Argentinas,throw_in,1,23,36,Godoy Cruz,Lucas Arce,0.82,0.96,-1.0,,0.82,0.71,-1.0,
25-05-2024,17:30,Godoy Cruz,San Lorenzo,Argentina - Torneo Betano 2024,Malvinas Argentinas,throw_in,1,32,11,Godoy Cruz,Thomas Galdames,-0.53,-0.97,-1.0,,-0.2,-0.82,-1.0,
25-05-2024,17:30,Godoy Cruz,San Lorenzo,Argentina - Torneo Betano 2024,Malvinas Argentinas,throw_in,1,35,33,Godoy Cruz,Thomas Galdames,-0.33,-0.98,-1.0,,-0.61,-0.66,-1.0,
25-05-2024,17:30,Godoy Cruz,San Lorenzo,Argentina - Torneo Betano 2024,Malvinas Argentinas,throw_in,1,45,40,San Lorenzo,Elías Báez,-0.34,0.96,-1.0,,-0.48,0.67,-1.0,
25-05-2024,17:30,Godoy Cruz,San Lorenzo,Argentina - Torneo Betano 2024,Malvinas Argentinas,yellow,1,18,27,San Lorenzo,Eric Remedi,,,,,,,,Conducta antideportiva
25-05-2024,17:30,Godoy Cruz,San Lorenzo,Argentina - Torneo Betano 2024,Malvinas Argentinas,yellow,1,27,50,San Lorenzo,Cristian Ferreira,,,,,,,,Conducta antideportiva
25-05-2024,17:30,Godoy Cruz,San Lorenzo,Argentina - Torneo Betano 2024,Malvinas Argentinas,offside,1,25,9,San Lorenzo,Cristian Ferreira,-0.42,0.38,-1.0,,,,,
25-05-2024,17:30,Godoy Cruz,San Lorenzo,Argentina - Torneo Betano 2024,Malvinas Argentinas,offside,2,45,31,San Lorenzo,Nahuel Barrios,0.31,-0.77,-1.0,,,,,
25-05-2024,17:30,Godoy Cruz,San Lorenzo,Argentina - Torneo Betano 2024,Malvinas Argentinas,completed_pass,1,0,3,Godoy Cruz,Nahuel Ulariaga,0.04,-0.1,-1.0,Franco Petroli,-0.45,-0.01,-1.0,
25-05-2024,17:30,Godoy Cruz,San Lorenzo,Argentina - Torneo Betano 2024,Malvinas Argentinas,completed_pass,1,1,16,Godoy Cruz,Tomás Conechny,-0.57,-0.31,-1.0,Bruno Leyes,0.01,-0.02,-1.0,
25-05-2024,17:30,Godoy Cruz,San Lorenzo,Argentina - Torneo Betano 2024,Malvinas Argentinas,completed_pass,1,1,20,Godoy Cruz,Bruno Leyes,0.17,0.07,-1.0,Lucas Arce,0.36,0.35,-1.0,
25-05-2024,17:30,Godoy Cruz,San Lorenzo,Argentina - Torneo Betano 2024,Malvinas Argentinas,completed_pass,1,1,32,San Lorenzo,Elián Irala,0.19,0.42,-1.0,Nahuel Barrios,-0.56,0.9,-1.0,
25-05-2024,17:30,Godoy Cruz,San Lorenzo,Argentina - Torneo Betano 2024,Malvinas Argentinas,completed_pass,1,1,40,San Lorenzo,Nahuel Barrios,-0.49,0.8,-1.0,Cristian Ferreira,-0.5,0.36,-1.0,
25-05-2024,17:30,Godoy Cruz,San Lorenzo,Argentina - Torneo Betano 2024,Malvinas Argentinas,completed_pass,1,3,3,Godoy Cruz,Tomás Conechny,-0.43,-0.1,-1.0,Lucas Arce,-0.35,0.44,-1.0,
25-05-2024,17:30,Godoy Cruz,San Lorenzo,Argentina - Torneo Betano 2024,Malvinas Argentinas,completed_pass,1,2,58,San Lorenzo,Adam Bareiro,-0.79,0.8,-1.0,Elías Báez,-0.74,0.89,-1.0,
25-05-2024,17:30,Godoy Cruz,San Lorenzo,Argentina - Torneo Betano 2024,Malvinas Argentinas,completed_pass,1,3,1,San Lorenzo,Elías Báez,-0.65,0.78,-1.0,Adam Bareiro,-0.62,0.72,-1.0,
25-05-2024,17:30,Godoy Cruz,San Lorenzo,Argentina - Torneo Betano 2024,Malvinas Argentinas,completed_pass,1,3,6,San Lorenzo,Agustín Giay,-0.31,-0.08,-1.0,Elián Irala,-0.3,0.09,-1.0,
25-05-2024,17:30,Godoy Cruz,San Lorenzo,Argentina - Torneo Betano 2024,Malvinas Argentinas,completed_pass,1,3,9,San Lorenzo,Elián Irala,-0.39,-0.01,-1.0,Iván Leguizamón,-0.41,-0.53,-1.0,
25-05-2024,17:30,Godoy Cruz,San Lorenzo,Argentina - Torneo Betano 2024,Malvinas Argentinas,completed_pass,1,3,24,Godoy Cruz,Franco Petroli,-0.8,-0.01,-1.0,Thomas Galdames,-0.45,-0.74,-1.0,
25-05-2024,17:30,Godoy Cruz,San Lorenzo,Argentina - Torneo Betano 2024,Malvinas Argentinas,completed_pass,1,3,26,Godoy Cruz,Thomas Galdames,-0.31,-0.72,-1.0,Vicente Poggi,-0.12,-0.68,-1.0,
25-05-2024,17:30,Godoy Cruz,San Lorenzo,Argentina - Torneo Betano 2024,Malvinas Argentinas,completed_pass,1,3,35,Godoy Cruz,Vicente Poggi,-0.19,-0.38,-1.0,Tomás Conechny,0.01,-0.55,-1.0,
25-05-2024,17:30,Godoy Cruz,San Lorenzo,Argentina - Torneo Betano 2024,Malvinas Argentinas,completed_pass,1,3,37,Godoy Cruz,Tomás Conechny,0.1,-0.57,-1.0,Thomas Galdames,-0.17,-0.57,-1.0,
25-05-2024,17:30,Godoy Cruz,San Lorenzo,Argentina - Torneo Betano 2024,Malvinas Argentinas,completed_pass,1,3,41,Godoy Cruz,Thomas Galdames,-0.05,-0.6,-1.0,Bruno Leyes,-0.22,-0.01,-1.0,
25-05-2024,17:30,Godoy Cruz,San Lorenzo,Argentina - Torneo Betano 2024,Malvinas Argentinas,completed_pass,1,3,42,Godoy Cruz,Bruno Leyes,-0.22,-0.03,-1.0,Pier Barrios,-0.16,0.39,-1.0,
25-05-2024,17:30,Godoy Cruz,San Lorenzo,Argentina - Torneo Betano 2024,Malvinas Argentinas,completed_pass,1,3,44,Godoy Cruz,Pier Barrios,-0.16,0.56,-1.0,Lucas Arce,0.17,0.95,-1.0,
25-05-2024,17:30,Godoy Cruz,San Lorenzo,Argentina - Torneo Betano 2024,Malvinas Argentinas,completed_pass,1,3,46,Godoy Cruz,Lucas Arce,0.23,0.91,-1.0,Nahuel Ulariaga,0.4,0.71,-1.0,
25-05-2024,17:30,Godoy Cruz,San Lorenzo,Argentina - Torneo Betano 2024,Malvinas Argentinas,completed_pass,1,3,53,San Lorenzo,Elías Báez,0.44,0.77,-1.0,Nahuel Barrios,0.32,0.79,-1.0,
25-05-2024,17:30,Godoy Cruz,San Lorenzo,Argentina - Torneo Betano 2024,Malvinas Argentinas,completed_pass,1,3,55,San Lorenzo,Nahuel Barrios,0.31,0.79,-1.0,Jhohan Romaña,0.34,0.81,-1.0,
25-05-2024,17:30,Godoy Cruz,San Lorenzo,Argentina - Torneo Betano 2024,Malvinas Argentinas,completed_pass,1,3,57,San Lorenzo,Jhohan Romaña,0.32,0.84,-1.0,Cristian Ferreira,0.08,0.93,-1.0,
25-05-2024,17:30,Godoy Cruz,San Lorenzo,Argentina - Torneo Betano 2024,Malvinas Argentinas,completed_pass,1,4,9,Godoy Cruz,Nahuel Ulariaga,0.38,0.44,-1.0,Lucas Arce,0.3,0.69,-1.0,
25-05-2024,17:30,Godoy Cruz,San Lorenzo,Argentina - Torneo Betano 2024,Malvinas Argentinas,completed_pass,1,4,15,Godoy Cruz,Juan Bautista Cejas,0.33,0.5,-1.0,Bruno Leyes,0.16,0.65,-1.0,
25-05-2024,17:30,Godoy Cruz,San Lorenzo,Argentina - Torneo Betano 2024,Malvinas Argentinas,completed_pass,1,4,17,Godoy Cruz,Bruno Leyes,0.16,0.74,-1.0,Federico Rasmussen,-0.25,-0.56,-1.0,
25-05-2024,17:30,Godoy Cruz,San Lorenzo,Argentina - Torneo Betano 2024,Malvinas Argentinas,completed_pass,1,4,19,Godoy Cruz,Federico Rasmussen,-0.26,-0.47,-1.0,Thomas Galdames,-0.14,-0.83,-1.0,
25-05-2024,17:30,Godoy Cruz,San Lorenzo,Argentina - Torneo Betano 2024,Malvinas Argentinas,completed_pass,1,4,21,Godoy Cruz,Thomas Galdames,-0.12,-0.86,-1.0,Nahuel Ulariaga,0.5,-0.53,-1.0,
25-05-2024,17:30,Godoy Cruz,San Lorenzo,Argentina - Torneo Betano 2024,Malvinas Argentinas,completed_pass,1,4,29,San Lorenzo,Elías Báez,0.42,0.13,-1.0,Eric Remedi,0.37,0.03,-1.0,
25-05-2024,17:30,Godoy Cruz,San Lorenzo,Argentina - Torneo Betano 2024,Malvinas Argentinas,completed_pass,1,4,33,San Lorenzo,Eric Remedi,0.34,0.07,-1.0,Nahuel Barrios,0.17,0.71,-1.0,
25-05-2024,17:30,Godoy Cruz,San Lorenzo,Argentina - Torneo Betano 2024,Malvinas Argentinas,completed_pass,1,4,35,San Lorenzo,Nahuel Barrios,0.14,0.74,-1.0,Elías Báez,-0.1,0.63,-1.0,
25-05-2024,17:30,Godoy Cruz,San Lorenzo,Argentina - Torneo Betano 2024,Malvinas Argentinas,completed_pass,1,4,47,San Lorenzo,Eric Remedi,-0.34,0.6,-1.0,Elías Báez,-0.44,0.85,-1.0,
25-05-2024,17:30,Godoy Cruz,San Lorenzo,Argentina - Torneo Betano 2024,Malvinas Argentinas,completed_pass,1,4,50,San Lorenzo,Elías Báez,-0.43,0.84,-1.0,Eric Remedi,-0.25,0.77,-1.0,
25-05-2024,17:30,Godoy Cruz,San Lorenzo,Argentina - Torneo Betano 2024,Malvinas Argentinas,completed_pass,1,4,52,San Lorenzo,Eric Remedi,-0.25,0.72,-1.0,Elián Irala,-0.24,0.46,-1.0,
25-05-2024,17:30,Godoy Cruz,San Lorenzo,Argentina - Torneo Betano 2024,Malvinas Argentinas,completed_pass,1,4,55,San Lorenzo,Elián Irala,-0.2,0.49,-1.0,Jhohan Romaña,-0.09,0.53,-1.0,
25-05-2024,17:30,Godoy Cruz,San Lorenzo,Argentina - Torneo Betano 2024,Malvinas Argentinas,completed_pass,1,5,1,Godoy Cruz,Juan Bautista Cejas,-0.17,0.68,-1.0,Bruno Leyes,-0.16,0.37,-1.0,
25-05-2024,17:30,Godoy Cruz,San Lorenzo,Argentina - Torneo Betano 2024,Malvinas Argentinas,completed_pass,1,5,7,Godoy Cruz,Bruno Leyes,-0.14,0.39,-1.0,Nicolás Fernández,0.24,0.69,-1.0,
25-05-2024,17:30,Godoy Cruz,San Lorenzo,Argentina - Torneo Betano 2024,Malvinas Argentinas,completed_pass,1,5,12,Godoy Cruz,Nicolás Fernández,0.18,0.5,-1.0,Lucas Arce,0.3,0.69,-1.0,
25-05-2024,17:30,Godoy Cruz,San Lorenzo,Argentina - Torneo Betano 2024,Malvinas Argentinas,completed_pass,1,5,46,San Lorenzo,Eric Remedi,0.58,0.26,-1.0,Gonzalo Luján,0.76,-0.72,-1.0,
25-05-2024,17:30,Godoy Cruz,San Lorenzo,Argentina - Torneo Betano 2024,Malvinas Argentinas,completed_pass,1,5,50,San Lorenzo,Gonzalo Luján,0.59,-0.74,-1.0,Gastón Gómez,0.79,-0.32,-1.0,
25-05-2024,17:30,Godoy Cruz,San Lorenzo,Argentina - Torneo Betano 2024,Malvinas Argentinas,completed_pass,1,5,54,San Lorenzo,Gastón Gómez,0.73,-0.33,-1.0,Jhohan Romaña,0.64,0.42,-1.0,
25-05-2024,17:30,Godoy Cruz,San Lorenzo,Argentina - Torneo Betano 2024,Malvinas Argentinas,completed_pass,1,5,58,San Lorenzo,Jhohan Romaña,0.52,0.48,-1.0,Cristian Ferreira,0.36,0.5,-1.0,
25-05-2024,17:30,Godoy Cruz,San Lorenzo,Argentina - Torneo Betano 2024,Malvinas Argentinas,completed_pass,1,6,0,San Lorenzo,Cristian Ferreira,0.3,0.49,-1.0,Jhohan Romaña,0.45,0.49,-1.0,
25-05-2024,17:30,Godoy Cruz,San Lorenzo,Argentina - Torneo Betano 2024,Malvinas Argentinas,completed_pass,1,6,9,Godoy Cruz,Nicolás Fernández,0.2,0.22,-1.0,Tomás Conechny,0.56,-0.48,-1.0,
25-05-2024,17:30,Godoy Cruz,San Lorenzo,Argentina - Torneo Betano 2024,Malvinas Argentinas,completed_pass,1,6,2,San Lorenzo,Jhohan Romaña,0.44,0.61,-1.0,Adam Bareiro,0.19,0.33,-1.0,
25-05-2024,17:30,Godoy Cruz,San Lorenzo,Argentina - Torneo Betano 2024,Malvinas Argentinas,completed_pass,1,6,17,Godoy Cruz,Franco Petroli,-0.57,0.17,-1.0,Pier Barrios,-0.41,0.42,-1.0,
25-05-2024,17:30,Godoy Cruz,San Lorenzo,Argentina - Torneo Betano 2024,Malvinas Argentinas,completed_pass,1,6,21,Godoy Cruz,Pier Barrios,-0.41,0.48,-1.0,Bruno Leyes,-0.33,0.11,-1.0,
25-05-2024,17:30,Godoy Cruz,San Lorenzo,Argentina - Torneo Betano 2024,Malvinas Argentinas,completed_pass,1,6,23,Godoy Cruz,Bruno Leyes,-0.31,0.03,-1.0,Federico Rasmussen,-0.31,-0.38,-1.0,
25-05-2024,17:30,Godoy Cruz,San Lorenzo,Argentina - Torneo Betano 2024,Malvinas Argentinas,completed_pass,1,6,25,Godoy Cruz,Federico Rasmussen,-0.31,-0.7,-1.0,Pier Barrios,-0.29,0.36,-1.0,
25-05-2024,17:30,Godoy Cruz,San Lorenzo,Argentina - Torneo Betano 2024,Malvinas Argentinas,completed_pass,1,6,29,Godoy Cruz,Pier Barrios,-0.22,0.38,-1.0,Lucas Arce,0.15,0.83,-1.0,
25-05-2024,17:30,Godoy Cruz,San Lorenzo,Argentina - Torneo Betano 2024,Malvinas Argentinas,completed_pass,1,6,32,Godoy Cruz,Lucas Arce,0.29,0.77,-1.0,Juan Bautista Cejas,0.39,0.95,-1.0,
25-05-2024,17:30,Godoy Cruz,San Lorenzo,Argentina - Torneo Betano 2024,Malvinas Argentinas,completed_pass,1,6,37,Godoy Cruz,Juan Bautista Cejas,0.29,0.63,-1.0,Bruno Leyes,0.19,0.34,-1.0,
25-05-2024,17:30,Godoy Cruz,San Lorenzo,Argentina - Torneo Betano 2024,Malvinas Argentinas,completed_pass,1,6,39,Godoy Cruz,Bruno Leyes,0.27,0.13,-1.0,Vicente Poggi,0.27,0.13,-1.0,
25-05-2024,17:30,Godoy Cruz,San Lorenzo,Argentina - Torneo Betano 2024,Malvinas Argentinas,completed_pass,1,6,41,Godoy Cruz,Vicente Poggi,0.32,-0.06,-1.0,Federico Rasmussen,-0.24,-0.24,-1.0,
25-05-2024,17:30,Godoy Cruz,San Lorenzo,Argentina - Torneo Betano 2024,Malvinas Argentinas,completed_pass,1,6,44,Godoy Cruz,Federico Rasmussen,-0.27,-0.24,-1.0,Thomas Galdames,0.06,-0.81,-1.0,
25-05-2024,17:30,Godoy Cruz,San Lorenzo,Argentina - Torneo Betano 2024,Malvinas Argentinas,completed_pass,1,6,46,Godoy Cruz,Thomas Galdames,-0.21,-0.72,-1.0,Federico Rasmussen,-0.38,-0.5,-1.0,
25-05-2024,17:30,Godoy Cruz,San Lorenzo,Argentina - Torneo Betano 2024,Malvinas Argentinas,completed_pass,1,6,51,Godoy Cruz,Federico Rasmussen,-0.27,-0.28,-1.0,Pier Barrios,-0.29,-0.01,-1.0,
25-05-2024,17:30,Godoy Cruz,San Lorenzo,Argentina - Torneo Betano 2024,Malvinas Argentinas,completed_pass,1,6,53,Godoy Cruz,Pier Barrios,-0.23,0.22,-1.0,Federico Rasmussen,-0.27,-0.46,-1.0,
25-05-2024,17:30,Godoy Cruz,San Lorenzo,Argentina - Torneo Betano 2024,Malvinas Argentinas,completed_pass,1,7,0,San Lorenzo,Agustín Giay,0.47,-0.52,-1.0,Iván Leguizamón,0.27,-0.61,-1.0,
25-05-2024,17:30,Godoy Cruz,San Lorenzo,Argentina - Torneo Betano 2024,Malvinas Argentinas,completed_pass,1,7,3,San Lorenzo,Iván Leguizamón,0.26,-0.62,-1.0,Elián Irala,0.25,-0.57,-1.0,
25-05-2024,17:30,Godoy Cruz,San Lorenzo,Argentina - Torneo Betano 2024,Malvinas Argentinas,completed_pass,1,7,14,Godoy Cruz,Bruno Leyes,-0.3,-0.13,-1.0,Federico Rasmussen,-0.29,-0.63,-1.0,
25-05-2024,17:30,Godoy Cruz,San Lorenzo,Argentina - Torneo Betano 2024,Malvinas Argentinas,completed_pass,1,7,11,Godoy Cruz,Federico Rasmussen,-0.43,-0.65,-1.0,Bruno Leyes,-0.39,-0.23,-1.0,
25-05-2024,17:30,Godoy Cruz,San Lorenzo,Argentina - Torneo Betano 2024,Malvinas Argentinas,completed_pass,1,7,15,Godoy Cruz,Federico Rasmussen,-0.35,-0.7,-1.0,Franco Petroli,-0.67,-0.19,-1.0,
25-05-2024,17:30,Godoy Cruz,San Lorenzo,Argentina - Torneo Betano 2024,Malvinas Argentinas,completed_pass,1,7,18,Godoy Cruz,Franco Petroli,-0.61,-0.17,-1.0,Pier Barrios,-0.32,0.33,-1.0,
25-05-2024,17:30,Godoy Cruz,San Lorenzo,Argentina - Torneo Betano 2024,Malvinas Argentinas,completed_pass,1,7,20,Godoy Cruz,Pier Barrios,-0.28,0.47,-1.0,Lucas Arce,0.18,0.69,-1.0,
25-05-2024,17:30,Godoy Cruz,San Lorenzo,Argentina - Torneo Betano 2024,Malvinas Argentinas,completed_pass,1,7,25,Godoy Cruz,Lucas Arce,0.44,0.53,-1.0,Juan Bautista Cejas,0.72,0.7,-1.0,
25-05-2024,17:30,Godoy Cruz,San Lorenzo,Argentina - Torneo Betano 2024,Malvinas Argentinas,completed_pass,1,7,33,San Lorenzo,Elián Irala,0.51,0.07,-1.0,Adam Bareiro,0.31,0.03,-1.0,
25-05-2024,17:30,Godoy Cruz,San Lorenzo,Argentina - Torneo Betano 2024,Malvinas Argentinas,completed_pass,1,8,10,San Lorenzo,Elián Irala,0.28,-0.19,-1.0,Eric Remedi,0.21,0.18,-1.0,
25-05-2024,17:30,Godoy Cruz,San Lorenzo,Argentina - Torneo Betano 2024,Malvinas Argentinas,completed_pass,1,8,14,San Lorenzo,Eric Remedi,0.23,0.17,-1.0,Gastón Gómez,0.6,-0.29,-1.0,
25-05-2024,17:30,Godoy Cruz,San Lorenzo,Argentina - Torneo Betano 2024,Malvinas Argentinas,completed_pass,1,8,17,San Lorenzo,Gastón Gómez,0.56,-0.41,-1.0,Iván Leguizamón,-0.16,-0.64,-1.0,
25-05-2024,17:30,Godoy Cruz,San Lorenzo,Argentina - Torneo Betano 2024,Malvinas Argentinas,completed_pass,1,8,27,San Lorenzo,Elián Irala,0.2,-0.29,-1.0,Agustín Giay,0.36,-0.34,-1.0,
25-05-2024,17:30,Godoy Cruz,San Lorenzo,Argentina - Torneo Betano 2024,Malvinas Argentinas,completed_pass,1,8,31,San Lorenzo,Agustín Giay,0.39,-0.34,-1.0,Eric Remedi,0.37,-0.22,-1.0,
25-05-2024,17:30,Godoy Cruz,San Lorenzo,Argentina - Torneo Betano 2024,Malvinas Argentinas,completed_pass,1,8,32,San Lorenzo,Eric Remedi,0.35,-0.32,-1.0,Elián Irala,0.32,-0.55,-1.0,
25-05-2024,17:30,Godoy Cruz,San Lorenzo,Argentina - Torneo Betano 2024,Malvinas Argentinas,completed_pass,1,8,45,Godoy Cruz,Tomás Conechny,0.42,-0.29,-1.0,Vicente Poggi,0.34,-0.14,-1.0,
25-05-2024,17:30,Godoy Cruz,San Lorenzo,Argentina - Torneo Betano 2024,Malvinas Argentinas,completed_pass,1,8,53,San Lorenzo,Elián Irala,0.4,-0.29,-1.0,Eric Remedi,0.36,-0.27,-1.0,
25-05-2024,17:30,Godoy Cruz,San Lorenzo,Argentina - Torneo Betano 2024,Malvinas Argentinas,completed_pass,1,9,13,San Lorenzo,Gonzalo Luján,0.36,-0.47,-1.0,Jhohan Romaña,0.37,0.26,-1.0,
25-05-2024,17:30,Godoy Cruz,San Lorenzo,Argentina - Torneo Betano 2024,Malvinas Argentinas,completed_pass,1,9,18,San Lorenzo,Jhohan Romaña,0.39,0.35,-1.0,Gastón Gómez,0.72,-0.06,-1.0,
25-05-2024,17:30,Godoy Cruz,San Lorenzo,Argentina - Torneo Betano 2024,Malvinas Argentinas,completed_pass,1,9,20,San Lorenzo,Gastón Gómez,0.7,-0.16,-1.0,Gonzalo Luján,0.41,-0.59,-1.0,
25-05-2024,17:30,Godoy Cruz,San Lorenzo,Argentina - Torneo Betano 2024,Malvinas Argentinas,completed_pass,1,9,25,San Lorenzo,Gonzalo Luján,0.33,-0.61,-1.0,Eric Remedi,0.4,-0.33,-1.0,
25-05-2024,17:30,Godoy Cruz,San Lorenzo,Argentina - Torneo Betano 2024,Malvinas Argentinas,completed_pass,1,9,30,San Lorenzo,Eric Remedi,0.36,-0.22,-1.0,Adam Bareiro,0.0,-0.1,-1.0,
25-05-2024,17:30,Godoy Cruz,San Lorenzo,Argentina - Torneo Betano 2024,Malvinas Argentinas,completed_pass,1,9,33,San Lorenzo,Adam Bareiro,-0.03,-0.11,-1.0,Iván Leguizamón,-0.35,-0.81,-1.0,
25-05-2024,17:30,Godoy Cruz,San Lorenzo,Argentina - Torneo Betano 2024,Malvinas Argentinas,completed_pass,1,10,18,Godoy Cruz,Thomas Galdames,-0.52,0.7,-1.0,Lucas Arce,-0.52,0.7,-1.0,
25-05-2024,17:30,Godoy Cruz,San Lorenzo,Argentina - Torneo Betano 2024,Malvinas Argentinas,completed_pass,1,10,11,San Lorenzo,Elián Irala,-0.35,0.19,-1.0,Nahuel Barrios,-0.42,0.59,-1.0,
25-05-2024,17:30,Godoy Cruz,San Lorenzo,Argentina - Torneo Betano 2024,Malvinas Argentinas,completed_pass,1,10,22,Godoy Cruz,Lucas Arce,-0.62,0.52,-1.0,Nicolás Fernández,-0.35,0.47,-1.0,
25-05-2024,17:30,Godoy Cruz,San Lorenzo,Argentina - Torneo Betano 2024,Malvinas Argentinas,completed_pass,1,10,45,Godoy Cruz,Franco Petroli,-0.78,0.12,-1.0,Pier Barrios,-0.68,0.63,-1.0,
25-05-2024,17:30,Godoy Cruz,San Lorenzo,Argentina - Torneo Betano 2024,Malvinas Argentinas,completed_pass,1,10,51,Godoy Cruz,Pier Barrios,-0.57,0.67,-1.0,Nahuel Ulariaga,0.32,0.49,-1.0,
25-05-2024,17:30,Godoy Cruz,San Lorenzo,Argentina - Torneo Betano 2024,Malvinas Argentinas,completed_pass,1,11,42,San Lorenzo,Adam Bareiro,0.62,0.14,-1.0,Cristian Ferreira,0.5,0.14,-1.0,
25-05-2024,17:30,Godoy Cruz,San Lorenzo,Argentina - Torneo Betano 2024,Malvinas Argentinas,completed_pass,1,12,1,San Lorenzo,Elián Irala,0.12,-0.74,-1.0,Gonzalo Luján,0.34,-0.86,-1.0,
25-05-2024,17:30,Godoy Cruz,San Lorenzo,Argentina - Torneo Betano 2024,Malvinas Argentinas,completed_pass,1,12,6,San Lorenzo,Gonzalo Luján,0.32,-0.77,-1.0,Jhohan Romaña,0.36,-0.33,-1.0,
25-05-2024,17:30,Godoy Cruz,San Lorenzo,Argentina - Torneo Betano 2024,Malvinas Argentinas,completed_pass,1,12,8,San Lorenzo,Jhohan Romaña,0.4,-0.17,-1.0,Eric Remedi,0.3,-0.11,-1.0,
25-05-2024,17:30,Godoy Cruz,San Lorenzo,Argentina - Torneo Betano 2024,Malvinas Argentinas,completed_pass,1,12,12,San Lorenzo,Eric Remedi,0.27,-0.08,-1.0,Cristian Ferreira,0.13,0.26,-1.0,
25-05-2024,17:30,Godoy Cruz,San Lorenzo,Argentina - Torneo Betano 2024,Malvinas Argentinas,completed_pass,1,12,15,San Lorenzo,Cristian Ferreira,0.16,0.34,-1.0,Jhohan Romaña,0.25,0.41,-1.0,
25-05-2024,17:30,Godoy Cruz,San Lorenzo,Argentina - Torneo Betano 2024,Malvinas Argentinas,completed_pass,1,12,18,San Lorenzo,Jhohan Romaña,0.45,0.34,-1.0,Gastón Gómez,0.72,0.15,-1.0,
25-05-2024,17:30,Godoy Cruz,San Lorenzo,Argentina - Torneo Betano 2024,Malvinas Argentinas,completed_pass,1,12,21,San Lorenzo,Gastón Gómez,0.72,0.09,-1.0,Eric Remedi,0.59,0.1,-1.0,
25-05-2024,17:30,Godoy Cruz,San Lorenzo,Argentina - Torneo Betano 2024,Malvinas Argentinas,completed_pass,1,12,25,San Lorenzo,Eric Remedi,0.46,0.05,-1.0,Jhohan Romaña,0.43,0.36,-1.0,
25-05-2024,17:30,Godoy Cruz,San Lorenzo,Argentina - Torneo Betano 2024,Malvinas Argentinas,completed_pass,1,12,29,San Lorenzo,Jhohan Romaña,0.25,0.5,-1.0,Cristian Ferreira,-0.19,0.63,-1.0,
25-05-2024,17:30,Godoy Cruz,San Lorenzo,Argentina - Torneo Betano 2024,Malvinas Argentinas,completed_pass,1,12,31,San Lorenzo,Cristian Ferreira,-0.35,0.72,-1.0,Nahuel Barrios,-0.35,0.77,-1.0,
25-05-2024,17:30,Godoy Cruz,San Lorenzo,Argentina - Torneo Betano 2024,Malvinas Argentinas,completed_pass,1,12,39,Godoy Cruz,Vicente Poggi,-0.18,0.78,-1.0,Juan Bautista Cejas,0.11,0.9,-1.0,
25-05-2024,17:30,Godoy Cruz,San Lorenzo,Argentina - Torneo Betano 2024,Malvinas Argentinas,completed_pass,1,12,41,Godoy Cruz,Juan Bautista Cejas,0.12,0.83,-1.0,Lucas Arce,-0.24,0.92,-1.0,
25-05-2024,17:30,Godoy Cruz,San Lorenzo,Argentina - Torneo Betano 2024,Malvinas Argentinas,completed_pass,1,12,44,Godoy Cruz,Lucas Arce,-0.18,0.64,-1.0,Bruno Leyes,-0.12,0.33,-1.0,
25-05-2024,17:30,Godoy Cruz,San Lorenzo,Argentina - Torneo Betano 2024,Malvinas Argentinas,completed_pass,1,12,45,Godoy Cruz,Bruno Leyes,0.16,0.27,-1.0,Tomás Conechny,0.33,-0.5,-1.0,
25-05-2024,17:30,Godoy Cruz,San Lorenzo,Argentina - Torneo Betano 2024,Malvinas Argentinas,completed_pass,1,12,47,Godoy Cruz,Tomás Conechny,0.46,-0.33,-1.0,Nicolás Fernández,0.38,-0.28,-1.0,
25-05-2024,17:30,Godoy Cruz,San Lorenzo,Argentina - Torneo Betano 2024,Malvinas Argentinas,completed_pass,1,12,49,Godoy Cruz,Nicolás Fernández,0.39,-0.17,-1.0,Thomas Galdames,0.35,-0.52,-1.0,
25-05-2024,17:30,Godoy Cruz,San Lorenzo,Argentina - Torneo Betano 2024,Malvinas Argentinas,completed_pass,1,12,50,Godoy Cruz,Thomas Galdames,0.32,-0.6,-1.0,Tomás Conechny,0.41,-0.79,-1.0,
25-05-2024,17:30,Godoy Cruz,San Lorenzo,Argentina - Torneo Betano 2024,Malvinas Argentinas,completed_pass,1,12,52,Godoy Cruz,Tomás Conechny,0.56,-0.68,-1.0,Nicolás Fernández,0.28,-0.62,-1.0,
25-05-2024,17:30,Godoy Cruz,San Lorenzo,Argentina - Torneo Betano 2024,Malvinas Argentinas,completed_pass,1,12,58,San Lorenzo,Agustín Giay,0.31,-0.72,-1.0,Gonzalo Luján,0.52,-0.53,-1.0,
25-05-2024,17:30,Godoy Cruz,San Lorenzo,Argentina - Torneo Betano 2024,Malvinas Argentinas,completed_pass,1,13,1,San Lorenzo,Gonzalo Luján,0.51,-0.49,-1.0,Eric Remedi,0.44,-0.39,-1.0,
25-05-2024,17:30,Godoy Cruz,San Lorenzo,Argentina - Torneo Betano 2024,Malvinas Argentinas,completed_pass,1,13,4,San Lorenzo,Eric Remedi,0.38,-0.31,-1.0,Nahuel Barrios,-0.35,0.84,-1.0,
25-05-2024,17:30,Godoy Cruz,San Lorenzo,Argentina - Torneo Betano 2024,Malvinas Argentinas,completed_pass,1,13,18,Godoy Cruz,Nicolás Fernández,-0.28,0.44,-1.0,Lucas Arce,-0.36,0.61,-1.0,
25-05-2024,17:30,Godoy Cruz,San Lorenzo,Argentina - Torneo Betano 2024,Malvinas Argentinas,completed_pass,1,13,23,Godoy Cruz,Nicolás Fernández,0.23,0.34,-1.0,Juan Bautista Cejas,0.49,0.52,-1.0,
25-05-2024,17:30,Godoy Cruz,San Lorenzo,Argentina - Torneo Betano 2024,Malvinas Argentinas,completed_pass,1,13,29,Godoy Cruz,Juan Bautista Cejas,0.48,0.75,-1.0,Tomás Conechny,0.42,0.7,-1.0,
25-05-2024,17:30,Godoy Cruz,San Lorenzo,Argentina - Torneo Betano 2024,Malvinas Argentinas,completed_pass,1,13,37,San Lorenzo,Elián Irala,0.34,0.7,-1.0,Jhohan Romaña,0.48,0.63,-1.0,
25-05-2024,17:30,Godoy Cruz,San Lorenzo,Argentina - Torneo Betano 2024,Malvinas Argentinas,completed_pass,1,13,41,San Lorenzo,Jhohan Romaña,0.47,0.26,-1.0,Agustín Giay,0.4,-0.29,-1.0,
25-05-2024,17:30,Godoy Cruz,San Lorenzo,Argentina - Torneo Betano 2024,Malvinas Argentinas,completed_pass,1,13,46,San Lorenzo,Agustín Giay,0.29,-0.37,-1.0,Adam Bareiro,0.01,-0.5,-1.0,
25-05-2024,17:30,Godoy Cruz,San Lorenzo,Argentina - Torneo Betano 2024,Malvinas Argentinas,completed_pass,1,13,48,San Lorenzo,Adam Bareiro,0.03,-0.6,-1.0,Gonzalo Luján,0.34,-0.6,-1.0,
25-05-2024,17:30,Godoy Cruz,San Lorenzo,Argentina - Torneo Betano 2024,Malvinas Argentinas,completed_pass,1,13,51,San Lorenzo,Gonzalo Luján,0.33,-0.69,-1.0,Iván Leguizamón,0.13,-0.9,-1.0,
25-05-2024,17:30,Godoy Cruz,San Lorenzo,Argentina - Torneo Betano 2024,Malvinas Argentinas,completed_pass,1,13,54,San Lorenzo,Iván Leguizamón,0.15,-0.87,-1.0,Eric Remedi,0.22,-0.71,-1.0,
25-05-2024,17:30,Godoy Cruz,San Lorenzo,Argentina - Torneo Betano 2024,Malvinas Argentinas,completed_pass,1,13,56,San Lorenzo,Eric Remedi,0.24,-0.47,-1.0,Jhohan Romaña,0.37,0.22,-1.0,
25-05-2024,17:30,Godoy Cruz,San Lorenzo,Argentina - Torneo Betano 2024,Malvinas Argentinas,completed_pass,1,15,51,Godoy Cruz,Bruno Leyes,-0.05,0.39,-1.0,Vicente Poggi,0.2,-0.01,-1.0,
25-05-2024,17:30,Godoy Cruz,San Lorenzo,Argentina - Torneo Betano 2024,Malvinas Argentinas,completed_pass,1,15,54,Godoy Cruz,Vicente Poggi,0.31,-0.04,-1.0,Thomas Galdames,0.24,-0.62,-1.0,
25-05-2024,17:30,Godoy Cruz,San Lorenzo,Argentina - Torneo Betano 2024,Malvinas Argentinas,completed_pass,1,16,12,Godoy Cruz,Vicente Poggi,0.2,-0.47,-1.0,Nicolás Fernández,0.36,-0.27,-1.0,
25-05-2024,17:30,Godoy Cruz,San Lorenzo,Argentina - Torneo Betano 2024,Malvinas Argentinas,completed_pass,1,16,20,San Lorenzo,Eric Remedi,0.43,-0.74,-1.0,Elián Irala,0.43,-0.84,-1.0,
25-05-2024,17:30,Godoy Cruz,San Lorenzo,Argentina - Torneo Betano 2024,Malvinas Argentinas,completed_pass,1,16,36,Godoy Cruz,Tomás Conechny,0.59,-0.57,-1.0,Thomas Galdames,0.63,-0.62,-1.0,
25-05-2024,17:30,Godoy Cruz,San Lorenzo,Argentina - Torneo Betano 2024,Malvinas Argentinas,completed_pass,1,16,50,Godoy Cruz,Thomas Galdames,0.43,-0.54,-1.0,Tomás Conechny,0.4,-0.12,-1.0,
25-05-2024,17:30,Godoy Cruz,San Lorenzo,Argentina - Torneo Betano 2024,Malvinas Argentinas,completed_pass,1,16,43,San Lorenzo,Adam Bareiro,0.35,-0.62,-1.0,Elián Irala,0.43,-0.72,-1.0,
25-05-2024,17:30,Godoy Cruz,San Lorenzo,Argentina - Torneo Betano 2024,Malvinas Argentinas,completed_pass,1,16,46,San Lorenzo,Elián Irala,0.41,-0.77,-1.0,Cristian Ferreira,0.18,-0.77,-1.0,
25-05-2024,17:30,Godoy Cruz,San Lorenzo,Argentina - Torneo Betano 2024,Malvinas Argentinas,completed_pass,1,16,48,San Lorenzo,Cristian Ferreira,0.2,-0.76,-1.0,Iván Leguizamón,0.21,-0.67,-1.0,
25-05-2024,17:30,Godoy Cruz,San Lorenzo,Argentina - Torneo Betano 2024,Malvinas Argentinas,completed_pass,1,16,52,San Lorenzo,Eric Remedi,0.44,-0.21,-1.0,Cristian Ferreira,0.18,0.11,-1.0,
25-05-2024,17:30,Godoy Cruz,San Lorenzo,Argentina - Torneo Betano 2024,Malvinas Argentinas,completed_pass,1,17,17,San Lorenzo,Eric Remedi,0.0,0.49,-1.0,Gonzalo Luján,0.29,-0.27,-1.0,
25-05-2024,17:30,Godoy Cruz,San Lorenzo,Argentina - Torneo Betano 2024,Malvinas Argentinas,completed_pass,1,17,22,San Lorenzo,Gonzalo Luján,0.26,-0.23,-1.0,Jhohan Romaña,0.24,0.35,-1.0,
25-05-2024,17:30,Godoy Cruz,San Lorenzo,Argentina - Torneo Betano 2024,Malvinas Argentinas,completed_pass,1,17,24,San Lorenzo,Jhohan Romaña,0.22,0.41,-1.0,Cristian Ferreira,-0.14,0.46,-1.0,
25-05-2024,17:30,Godoy Cruz,San Lorenzo,Argentina - Torneo Betano 2024,Malvinas Argentinas,completed_pass,1,17,30,San Lorenzo,Gonzalo Luján,0.25,-0.29,-1.0,Iván Leguizamón,-0.23,-0.72,-1.0,
25-05-2024,17:30,Godoy Cruz,San Lorenzo,Argentina - Torneo Betano 2024,Malvinas Argentinas,completed_pass,1,17,55,Godoy Cruz,Tomás Conechny,-0.48,-0.49,-1.0,Bruno Leyes,-0.22,-0.34,-1.0,
25-05-2024,17:30,Godoy Cruz,San Lorenzo,Argentina - Torneo Betano 2024,Malvinas Argentinas,completed_pass,1,18,1,Godoy Cruz,Bruno Leyes,-0.13,-0.26,-1.0,Nahuel Ulariaga,-0.02,-0.39,-1.0,
25-05-2024,17:30,Godoy Cruz,San Lorenzo,Argentina - Torneo Betano 2024,Malvinas Argentinas,completed_pass,1,18,31,Godoy Cruz,Federico Rasmussen,-0.28,-0.53,-1.0,Franco Petroli,-0.48,-0.25,-1.0,
25-05-2024,17:30,Godoy Cruz,San Lorenzo,Argentina - Torneo Betano 2024,Malvinas Argentinas,completed_pass,1,18,36,Godoy Cruz,Franco Petroli,-0.41,-0.03,-1.0,Federico Rasmussen,-0.32,-0.52,-1.0,
25-05-2024,17:30,Godoy Cruz,San Lorenzo,Argentina - Torneo Betano 2024,Malvinas Argentinas,completed_pass,1,18,37,Godoy Cruz,Federico Rasmussen,-0.32,-0.54,-1.0,Franco Petroli,-0.54,-0.08,-1.0,
25-05-2024,17:30,Godoy Cruz,San Lorenzo,Argentina - Torneo Betano 2024,Malvinas Argentinas,completed_pass,1,18,40,Godoy Cruz,Franco Petroli,-0.55,0.15,-1.0,Pier Barrios,-0.4,0.47,-1.0,
25-05-2024,17:30,Godoy Cruz,San Lorenzo,Argentina - Torneo Betano 2024,Malvinas Argentinas,completed_pass,1,18,42,Godoy Cruz,Pier Barrios,-0.35,0.54,-1.0,Franco Petroli,-0.43,0.11,-1.0,
25-05-2024,17:30,Godoy Cruz,San Lorenzo,Argentina - Torneo Betano 2024,Malvinas Argentinas,completed_pass,1,18,47,Godoy Cruz,Franco Petroli,-0.55,-0.27,-1.0,Federico Rasmussen,-0.42,-0.57,-1.0,
25-05-2024,17:30,Godoy Cruz,San Lorenzo,Argentina - Torneo Betano 2024,Malvinas Argentinas,completed_pass,1,18,53,Godoy Cruz,Federico Rasmussen,-0.32,-0.7,-1.0,Pier Barrios,-0.5,0.46,-1.0,
25-05-2024,17:30,Godoy Cruz,San Lorenzo,Argentina - Torneo Betano 2024,Malvinas Argentinas,completed_pass,1,18,55,Godoy Cruz,Pier Barrios,-0.28,0.47,-1.0,Lucas Arce,0.23,0.65,-1.0,
25-05-2024,17:30,Godoy Cruz,San Lorenzo,Argentina - Torneo Betano 2024,Malvinas Argentinas,completed_pass,1,19,22,San Lorenzo,Gastón Gómez,0.82,0.02,-1.0,Jhohan Romaña,0.69,0.42,-1.0,
25-05-2024,17:30,Godoy Cruz,San Lorenzo,Argentina - Torneo Betano 2024,Malvinas Argentinas,completed_pass,1,19,25,Godoy Cruz,Lucas Arce,0.18,0.53,-1.0,Vicente Poggi,0.4,-0.04,-1.0,
25-05-2024,17:30,Godoy Cruz,San Lorenzo,Argentina - Torneo Betano 2024,Malvinas Argentinas,completed_pass,1,19,35,Godoy Cruz,Nicolás Fernández,0.27,0.32,-1.0,Juan Bautista Cejas,0.37,0.64,-1.0,
25-05-2024,17:30,Godoy Cruz,San Lorenzo,Argentina - Torneo Betano 2024,Malvinas Argentinas,completed_pass,1,19,43,Godoy Cruz,Juan Bautista Cejas,0.47,0.65,-1.0,Lucas Arce,0.5,0.43,-1.0,
25-05-2024,17:30,Godoy Cruz,San Lorenzo,Argentina - Torneo Betano 2024,Malvinas Argentinas,completed_pass,1,21,27,San Lorenzo,Jhohan Romaña,0.72,0.37,-1.0,Elías Báez,0.5,0.81,-1.0,
25-05-2024,17:30,Godoy Cruz,San Lorenzo,Argentina - Torneo Betano 2024,Malvinas Argentinas,completed_pass,1,21,37,San Lorenzo,Nahuel Barrios,-0.44,0.81,-1.0,Cristian Ferreira,-0.4,0.59,-1.0,
25-05-2024,17:30,Godoy Cruz,San Lorenzo,Argentina - Torneo Betano 2024,Malvinas Argentinas,completed_pass,1,21,40,San Lorenzo,Cristian Ferreira,-0.42,0.48,-1.0,Iván Leguizamón,-0.65,-0.51,-1.0,
25-05-2024,17:30,Godoy Cruz,San Lorenzo,Argentina - Torneo Betano 2024,Malvinas Argentinas,completed_pass,1,22,7,Godoy Cruz,Pier Barrios,-0.42,0.44,-1.0,Lucas Arce,-0.21,0.57,-1.0,
25-05-2024,17:30,Godoy Cruz,San Lorenzo,Argentina - Torneo Betano 2024,Malvinas Argentinas,completed_pass,1,22,12,Godoy Cruz,Lucas Arce,-0.12,0.72,-1.0,Pier Barrios,-0.36,0.55,-1.0,
25-05-2024,17:30,Godoy Cruz,San Lorenzo,Argentina - Torneo Betano 2024,Malvinas Argentinas,completed_pass,1,22,14,Godoy Cruz,Pier Barrios,-0.29,0.56,-1.0,Lucas Arce,0.02,0.97,-1.0,
25-05-2024,17:30,Godoy Cruz,San Lorenzo,Argentina - Torneo Betano 2024,Malvinas Argentinas,completed_pass,1,22,17,Godoy Cruz,Lucas Arce,0.13,0.76,-1.0,Nahuel Ulariaga,0.47,0.47,-1.0,
25-05-2024,17:30,Godoy Cruz,San Lorenzo,Argentina - Torneo Betano 2024,Malvinas Argentinas,completed_pass,1,22,21,Godoy Cruz,Nahuel Ulariaga,0.45,0.34,-1.0,Juan Bautista Cejas,0.2,0.52,-1.0,
25-05-2024,17:30,Godoy Cruz,San Lorenzo,Argentina - Torneo Betano 2024,Malvinas Argentinas,completed_pass,1,22,23,Godoy Cruz,Juan Bautista Cejas,0.21,0.49,-1.0,Nicolás Fernández,0.18,0.16,-1.0,
25-05-2024,17:30,Godoy Cruz,San Lorenzo,Argentina - Torneo Betano 2024,Malvinas Argentinas,completed_pass,1,22,24,Godoy Cruz,Nicolás Fernández,0.32,0.14,-1.0,Bruno Leyes,0.19,-0.17,-1.0,
25-05-2024,17:30,Godoy Cruz,San Lorenzo,Argentina - Torneo Betano 2024,Malvinas Argentinas,completed_pass,1,22,27,Godoy Cruz,Bruno Leyes,0.29,-0.15,-1.0,Thomas Galdames,0.34,-0.58,-1.0,
25-05-2024,17:30,Godoy Cruz,San Lorenzo,Argentina - Torneo Betano 2024,Malvinas Argentinas,completed_pass,1,22,29,Godoy Cruz,Thomas Galdames,0.4,-0.63,-1.0,Tomás Conechny,0.58,-0.78,-1.0,
25-05-2024,17:30,Godoy Cruz,San Lorenzo,Argentina - Torneo Betano 2024,Malvinas Argentinas,completed_pass,1,22,32,Godoy Cruz,Tomás Conechny,0.41,-0.61,-1.0,Thomas Galdames,0.3,-0.58,-1.0,
25-05-2024,17:30,Godoy Cruz,San Lorenzo,Argentina - Torneo Betano 2024,Malvinas Argentinas,completed_pass,1,22,33,Godoy Cruz,Thomas Galdames,0.15,-0.65,-1.0,Bruno Leyes,0.05,-0.47,-1.0,
25-05-2024,17:30,Godoy Cruz,San Lorenzo,Argentina - Torneo Betano 2024,Malvinas Argentinas,completed_pass,1,22,35,Godoy Cruz,Bruno Leyes,0.13,-0.34,-1.0,Nicolás Fernández,0.23,0.11,-1.0,
25-05-2024,17:30,Godoy Cruz,San Lorenzo,Argentina - Torneo Betano 2024,Malvinas Argentinas,completed_pass,1,22,37,Godoy Cruz,Nicolás Fernández,0.17,0.06,-1.0,Bruno Leyes,0.17,-0.38,-1.0,
25-05-2024,17:30,Godoy Cruz,San Lorenzo,Argentina - Torneo Betano 2024,Malvinas Argentinas,completed_pass,1,22,39,Godoy Cruz,Bruno Leyes,0.2,-0.4,-1.0,Thomas Galdames,0.4,-0.66,-1.0,
25-05-2024,17:30,Godoy Cruz,San Lorenzo,Argentina - Torneo Betano 2024,Malvinas Argentinas,completed_pass,1,22,43,Godoy Cruz,Thomas Galdames,0.43,-0.57,-1.0,Bruno Leyes,0.22,-0.45,-1.0,
25-05-2024,17:30,Godoy Cruz,San Lorenzo,Argentina - Torneo Betano 2024,Malvinas Argentinas,completed_pass,1,22,48,Godoy Cruz,Bruno Leyes,0.13,-0.36,-1.0,Nicolás Fernández,0.09,-0.08,-1.0,
25-05-2024,17:30,Godoy Cruz,San Lorenzo,Argentina - Torneo Betano 2024,Malvinas Argentinas,completed_pass,1,22,54,Godoy Cruz,Nicolás Fernández,0.12,-0.05,-1.0,Federico Rasmussen,-0.16,-0.55,-1.0,
25-05-2024,17:30,Godoy Cruz,San Lorenzo,Argentina - Torneo Betano 2024,Malvinas Argentinas,completed_pass,1,22,55,Godoy Cruz,Federico Rasmussen,-0.21,-0.42,-1.0,Pier Barrios,-0.15,0.35,-1.0,
25-05-2024,17:30,Godoy Cruz,San Lorenzo,Argentina - Torneo Betano 2024,Malvinas Argentinas,completed_pass,1,22,57,Godoy Cruz,Pier Barrios,-0.06,0.45,-1.0,Lucas Arce,0.34,0.7,-1.0,
25-05-2024,17:30,Godoy Cruz,San Lorenzo,Argentina - Torneo Betano 2024,Malvinas Argentinas,completed_pass,1,23,8,Godoy Cruz,Franco Petroli,-0.36,-0.33,-1.0,Federico Rasmussen,-0.19,-0.45,-1.0,
25-05-2024,17:30,Godoy Cruz,San Lorenzo,Argentina - Torneo Betano 2024,Malvinas Argentinas,completed_pass,1,23,11,Godoy Cruz,Federico Rasmussen,-0.13,-0.54,-1.0,Lucas Arce,0.42,0.51,-1.0,
25-05-2024,17:30,Godoy Cruz,San Lorenzo,Argentina - Torneo Betano 2024,Malvinas Argentinas,completed_pass,1,23,16,Godoy Cruz,Lucas Arce,0.29,0.37,-1.0,Nicolás Fernández,0.19,-0.2,-1.0,
25-05-2024,17:30,Godoy Cruz,San Lorenzo,Argentina - Torneo Betano 2024,Malvinas Argentinas,completed_pass,1,23,23,Godoy Cruz,Nicolás Fernández,0.34,-0.03,-1.0,Juan Bautista Cejas,0.57,0.6,-1.0,
25-05-2024,17:30,Godoy Cruz,San Lorenzo,Argentina - Torneo Betano 2024,Malvinas Argentinas,completed_pass,1,24,54,San Lorenzo,Jhohan Romaña,0.56,0.42,-1.0,Elías Báez,0.44,0.79,-1.0,
25-05-2024,17:30,Godoy Cruz,San Lorenzo,Argentina - Torneo Betano 2024,Malvinas Argentinas,completed_pass,1,27,4,Godoy Cruz,Pier Barrios,-0.17,-0.11,-1.0,Federico Rasmussen,-0.28,-0.64,-1.0,
25-05-2024,17:30,Godoy Cruz,San Lorenzo,Argentina - Torneo Betano 2024,Malvinas Argentinas,completed_pass,1,27,8,San Lorenzo,Elías Báez,0.67,0.54,-1.0,Gastón Gómez,0.92,0.42,-1.0,
25-05-2024,17:30,Godoy Cruz,San Lorenzo,Argentina - Torneo Betano 2024,Malvinas Argentinas,completed_pass,1,27,17,San Lorenzo,Gastón Gómez,0.7,0.28,-1.0,Jhohan Romaña,0.55,0.53,-1.0,
25-05-2024,17:30,Godoy Cruz,San Lorenzo,Argentina - Torneo Betano 2024,Malvinas Argentinas,completed_pass,1,27,22,San Lorenzo,Jhohan Romaña,0.47,0.62,-1.0,Elías Báez,0.37,0.81,-1.0,
25-05-2024,17:30,Godoy Cruz,San Lorenzo,Argentina - Torneo Betano 2024,Malvinas Argentinas,completed_pass,1,27,27,Godoy Cruz,Franco Petroli,-0.53,-0.01,-1.0,Pier Barrios,-0.48,-0.02,-1.0,
25-05-2024,17:30,Godoy Cruz,San Lorenzo,Argentina - Torneo Betano 2024,Malvinas Argentinas,completed_pass,1,27,31,Godoy Cruz,Pier Barrios,-0.37,-0.01,-1.0,Bruno Leyes,-0.29,0.18,-1.0,
25-05-2024,17:30,Godoy Cruz,San Lorenzo,Argentina - Torneo Betano 2024,Malvinas Argentinas,completed_pass,1,27,32,Godoy Cruz,Bruno Leyes,-0.2,0.2,-1.0,Federico Rasmussen,-0.39,-0.64,-1.0,
25-05-2024,17:30,Godoy Cruz,San Lorenzo,Argentina - Torneo Betano 2024,Malvinas Argentinas,completed_pass,1,27,34,Godoy Cruz,Federico Rasmussen,-0.5,-0.01,-1.0,Franco Petroli,-0.55,-0.24,-1.0,
25-05-2024,17:30,Godoy Cruz,San Lorenzo,Argentina - Torneo Betano 2024,Malvinas Argentinas,completed_pass,1,27,36,Godoy Cruz,Franco Petroli,-0.52,-0.24,-1.0,Pier Barrios,-0.43,0.37,-1.0,
25-05-2024,17:30,Godoy Cruz,San Lorenzo,Argentina - Torneo Betano 2024,Malvinas Argentinas,completed_pass,1,30,10,Godoy Cruz,Nicolás Fernández,0.24,-0.11,-1.0,Juan Bautista Cejas,0.32,0.62,-1.0,
25-05-2024,17:30,Godoy Cruz,San Lorenzo,Argentina - Torneo Betano 2024,Malvinas Argentinas,completed_pass,1,30,15,Godoy Cruz,Juan Bautista Cejas,0.45,0.59,-1.0,Lucas Arce,0.62,0.71,-1.0,
25-05-2024,17:30,Godoy Cruz,San Lorenzo,Argentina - Torneo Betano 2024,Malvinas Argentinas,completed_pass,1,30,16,Godoy Cruz,Lucas Arce,0.81,0.61,-1.0,Juan Bautista Cejas,0.94,0.6,-1.0,
25-05-2024,17:30,Godoy Cruz,San Lorenzo,Argentina - Torneo Betano 2024,Malvinas Argentinas,completed_pass,1,30,27,San Lorenzo,Adam Bareiro,0.24,-0.41,-1.0,Cristian Ferreira,0.11,0.01,-1.0,
25-05-2024,17:30,Godoy Cruz,San Lorenzo,Argentina - Torneo Betano 2024,Malvinas Argentinas,completed_pass,1,30,30,San Lorenzo,Cristian Ferreira,0.09,-0.02,-1.0,Iván Leguizamón,-0.73,-0.55,-1.0,
25-05-2024,17:30,Godoy Cruz,San Lorenzo,Argentina - Torneo Betano 2024,Malvinas Argentinas,completed_pass,1,30,40,San Lorenzo,Iván Leguizamón,-0.88,-0.41,-1.0,Adam Bareiro,-0.78,-0.1,-1.0,
25-05-2024,17:30,Godoy Cruz,San Lorenzo,Argentina - Torneo Betano 2024,Malvinas Argentinas,completed_pass,1,30,42,San Lorenzo,Adam Bareiro,-0.8,-0.04,-1.0,Cristian Ferreira,-0.78,0.09,-1.0,
25-05-2024,17:30,Godoy Cruz,San Lorenzo,Argentina - Torneo Betano 2024,Malvinas Argentinas,completed_pass,1,31,32,San Lorenzo,Eric Remedi,0.36,-0.31,-1.0,Agustín Giay,0.33,-0.57,-1.0,
25-05-2024,17:30,Godoy Cruz,San Lorenzo,Argentina - Torneo Betano 2024,Malvinas Argentinas,completed_pass,1,31,35,San Lorenzo,Agustín Giay,0.3,-0.7,-1.0,Adam Bareiro,-0.05,-0.65,-1.0,
25-05-2024,17:30,Godoy Cruz,San Lorenzo,Argentina - Torneo Betano 2024,Malvinas Argentinas,completed_pass,1,31,36,San Lorenzo,Adam Bareiro,-0.11,-0.75,-1.0,Iván Leguizamón,-0.11,-0.85,-1.0,
25-05-2024,17:30,Godoy Cruz,San Lorenzo,Argentina - Torneo Betano 2024,Malvinas Argentinas,completed_pass,1,32,15,Godoy Cruz,Nahuel Ulariaga,-0.16,-0.67,-1.0,Tomás Conechny,-0.07,-0.59,-1.0,
25-05-2024,17:30,Godoy Cruz,San Lorenzo,Argentina - Torneo Betano 2024,Malvinas Argentinas,completed_pass,1,32,19,Godoy Cruz,Tomás Conechny,-0.1,-0.5,-1.0,Nicolás Fernández,-0.15,-0.27,-1.0,
25-05-2024,17:30,Godoy Cruz,San Lorenzo,Argentina - Torneo Betano 2024,Malvinas Argentinas,completed_pass,1,32,27,Godoy Cruz,Bruno Leyes,-0.26,0.23,-1.0,Pier Barrios,-0.41,0.23,-1.0,
25-05-2024,17:30,Godoy Cruz,San Lorenzo,Argentina - Torneo Betano 2024,Malvinas Argentinas,completed_pass,1,32,28,Godoy Cruz,Pier Barrios,-0.49,0.21,-1.0,Nicolás Fernández,0.07,0.27,-1.0,
25-05-2024,17:30,Godoy Cruz,San Lorenzo,Argentina - Torneo Betano 2024,Malvinas Argentinas,completed_pass,1,32,30,Godoy Cruz,Nicolás Fernández,0.17,0.3,-1.0,Juan Bautista Cejas,0.61,0.6,-1.0,
25-05-2024,17:30,Godoy Cruz,San Lorenzo,Argentina - Torneo Betano 2024,Malvinas Argentinas,completed_pass,1,32,21,San Lorenzo,Nahuel Barrios,-0.07,0.07,-1.0,Cristian Ferreira,-0.3,0.1,-1.0,
25-05-2024,17:30,Godoy Cruz,San Lorenzo,Argentina - Torneo Betano 2024,Malvinas Argentinas,completed_pass,1,32,38,Godoy Cruz,Federico Rasmussen,0.35,-0.3,-1.0,Bruno Leyes,0.28,-0.17,-1.0,
25-05-2024,17:30,Godoy Cruz,San Lorenzo,Argentina - Torneo Betano 2024,Malvinas Argentinas,completed_pass,1,33,19,Godoy Cruz,Thomas Galdames,0.26,-0.68,-1.0,Tomás Conechny,0.44,-0.59,-1.0,
25-05-2024,17:30,Godoy Cruz,San Lorenzo,Argentina - Torneo Betano 2024,Malvinas Argentinas,completed_pass,1,33,27,Godoy Cruz,Pier Barrios,-0.26,-0.56,-1.0,Tomás Conechny,0.19,-0.79,-1.0,
25-05-2024,17:30,Godoy Cruz,San Lorenzo,Argentina - Torneo Betano 2024,Malvinas Argentinas,completed_pass,1,34,0,Godoy Cruz,Juan Bautista Cejas,0.33,-0.67,-1.0,Lucas Arce,0.13,0.1,-1.0,
25-05-2024,17:30,Godoy Cruz,San Lorenzo,Argentina - Torneo Betano 2024,Malvinas Argentinas,completed_pass,1,34,4,Godoy Cruz,Lucas Arce,0.2,0.16,-1.0,Tomás Conechny,0.73,-0.45,-1.0,
25-05-2024,17:30,Godoy Cruz,San Lorenzo,Argentina - Torneo Betano 2024,Malvinas Argentinas,completed_pass,1,34,8,Godoy Cruz,Tomás Conechny,0.79,-0.1,-1.0,Nahuel Ulariaga,0.79,-0.1,-1.0,
25-05-2024,17:30,Godoy Cruz,San Lorenzo,Argentina - Torneo Betano 2024,Malvinas Argentinas,completed_pass,1,35,10,San Lorenzo,Adam Bareiro,-0.06,0.04,-1.0,Cristian Ferreira,-0.05,0.08,-1.0,
25-05-2024,17:30,Godoy Cruz,San Lorenzo,Argentina - Torneo Betano 2024,Malvinas Argentinas,completed_pass,1,35,41,Godoy Cruz,Franco Petroli,-0.69,-0.32,-1.0,Nicolás Fernández,0.12,-0.14,-1.0,
25-05-2024,17:30,Godoy Cruz,San Lorenzo,Argentina - Torneo Betano 2024,Malvinas Argentinas,completed_pass,1,35,52,Godoy Cruz,Pier Barrios,-0.76,0.73,-1.0,Nicolás Fernández,-0.17,0.43,-1.0,
25-05-2024,17:30,Godoy Cruz,San Lorenzo,Argentina - Torneo Betano 2024,Malvinas Argentinas,completed_pass,1,36,0,Godoy Cruz,Nicolás Fernández,-0.09,0.46,-1.0,Juan Bautista Cejas,0.01,0.55,-1.0,
25-05-2024,17:30,Godoy Cruz,San Lorenzo,Argentina - Torneo Betano 2024,Malvinas Argentinas,completed_pass,1,36,29,San Lorenzo,Eric Remedi,0.08,0.23,-1.0,Elías Báez,-0.05,0.38,-1.0,
25-05-2024,17:30,Godoy Cruz,San Lorenzo,Argentina - Torneo Betano 2024,Malvinas Argentinas,completed_pass,1,36,45,Godoy Cruz,Vicente Poggi,-0.3,-0.53,-1.0,Nicolás Fernández,-0.19,-0.01,-1.0,
25-05-2024,17:30,Godoy Cruz,San Lorenzo,Argentina - Torneo Betano 2024,Malvinas Argentinas,completed_pass,1,36,48,Godoy Cruz,Nicolás Fernández,-0.06,0.1,-1.0,Lucas Arce,-0.35,0.28,-1.0,
25-05-2024,17:30,Godoy Cruz,San Lorenzo,Argentina - Torneo Betano 2024,Malvinas Argentinas,completed_pass,1,36,50,Godoy Cruz,Lucas Arce,-0.36,0.27,-1.0,Bruno Leyes,-0.3,-0.15,-1.0,
25-05-2024,17:30,Godoy Cruz,San Lorenzo,Argentina - Torneo Betano 2024,Malvinas Argentinas,completed_pass,1,36,52,Godoy Cruz,Bruno Leyes,-0.32,-0.17,-1.0,Franco Petroli,-0.67,-0.1,-1.0,
25-05-2024,17:30,Godoy Cruz,San Lorenzo,Argentina - Torneo Betano 2024,Malvinas Argentinas,completed_pass,1,36,27,San Lorenzo,Eric Remedi,0.42,0.78,-1.0,Jhohan Romaña,0.53,0.72,-1.0,
25-05-2024,17:30,Godoy Cruz,San Lorenzo,Argentina - Torneo Betano 2024,Malvinas Argentinas,completed_pass,1,36,30,San Lorenzo,Jhohan Romaña,0.56,0.68,-1.0,Eric Remedi,0.45,0.73,-1.0,
25-05-2024,17:30,Godoy Cruz,San Lorenzo,Argentina - Torneo Betano 2024,Malvinas Argentinas,completed_pass,1,36,31,San Lorenzo,Eric Remedi,0.35,0.75,-1.0,Gastón Gómez,0.74,-0.16,-1.0,
25-05-2024,17:30,Godoy Cruz,San Lorenzo,Argentina - Torneo Betano 2024,Malvinas Argentinas,completed_pass,1,36,34,San Lorenzo,Gastón Gómez,0.72,-0.27,-1.0,Gonzalo Luján,0.57,-0.5,-1.0,
25-05-2024,17:30,Godoy Cruz,San Lorenzo,Argentina - Torneo Betano 2024,Malvinas Argentinas,completed_pass,1,36,39,San Lorenzo,Gonzalo Luján,0.4,-0.57,-1.0,Cristian Ferreira,-0.28,-0.66,-1.0,
25-05-2024,17:30,Godoy Cruz,San Lorenzo,Argentina - Torneo Betano 2024,Malvinas Argentinas,completed_pass,1,38,33,Godoy Cruz,Vicente Poggi,-0.34,-0.13,-1.0,Franco Petroli,-0.51,0.05,-1.0,
25-05-2024,17:30,Godoy Cruz,San Lorenzo,Argentina - Torneo Betano 2024,Malvinas Argentinas,completed_pass,1,38,35,Godoy Cruz,Franco Petroli,-0.58,-0.1,-1.0,Pier Barrios,-0.46,-0.03,-1.0,
25-05-2024,17:30,Godoy Cruz,San Lorenzo,Argentina - Torneo Betano 2024,Malvinas Argentinas,completed_pass,1,38,42,Godoy Cruz,Lucas Arce,-0.17,0.67,-1.0,Juan Bautista Cejas,0.3,0.56,-1.0,
25-05-2024,17:30,Godoy Cruz,San Lorenzo,Argentina - Torneo Betano 2024,Malvinas Argentinas,completed_pass,1,38,45,Godoy Cruz,Juan Bautista Cejas,0.43,0.69,-1.0,Nicolás Fernández,0.49,0.5,-1.0,
25-05-2024,17:30,Godoy Cruz,San Lorenzo,Argentina - Torneo Betano 2024,Malvinas Argentinas,completed_pass,1,38,17,San Lorenzo,Gonzalo Luján,0.25,-0.54,-1.0,Jhohan Romaña,0.23,0.2,-1.0,
25-05-2024,17:30,Godoy Cruz,San Lorenzo,Argentina - Torneo Betano 2024,Malvinas Argentinas,completed_pass,1,38,20,San Lorenzo,Jhohan Romaña,0.27,0.16,-1.0,Eric Remedi,0.16,0.02,-1.0,
25-05-2024,17:30,Godoy Cruz,San Lorenzo,Argentina - Torneo Betano 2024,Malvinas Argentinas,completed_pass,1,38,22,San Lorenzo,Eric Remedi,0.2,-0.01,-1.0,Gonzalo Luján,0.24,-0.1,-1.0,
25-05-2024,17:30,Godoy Cruz,San Lorenzo,Argentina - Torneo Betano 2024,Malvinas Argentinas,completed_pass,1,38,23,San Lorenzo,Gonzalo Luján,0.21,-0.12,-1.0,Elías Báez,-0.24,0.3,-1.0,
25-05-2024,17:30,Godoy Cruz,San Lorenzo,Argentina - Torneo Betano 2024,Malvinas Argentinas,completed_pass,1,38,47,San Lorenzo,Eric Remedi,0.48,0.55,-1.0,Elián Irala,0.43,0.41,-1.0,
25-05-2024,17:30,Godoy Cruz,San Lorenzo,Argentina - Torneo Betano 2024,Malvinas Argentinas,completed_pass,1,38,51,San Lorenzo,Elián Irala,0.4,-0.12,-1.0,Agustín Giay,-0.18,-0.86,-1.0,
25-05-2024,17:30,Godoy Cruz,San Lorenzo,Argentina - Torneo Betano 2024,Malvinas Argentinas,completed_pass,1,45,55,San Lorenzo,Adam Bareiro,-0.34,0.77,-1.0,Jhohan Romaña,-0.08,0.81,-1.0,
25-05-2024,17:30,Godoy Cruz,San Lorenzo,Argentina - Torneo Betano 2024,Malvinas Argentinas,completed_pass,1,45,58,San Lorenzo,Jhohan Romaña,0.1,0.76,-1.0,Gonzalo Luján,0.29,-0.03,-1.0,
25-05-2024,17:30,Godoy Cruz,San Lorenzo,Argentina - Torneo Betano 2024,Malvinas Argentinas,completed_pass,1,46,1,San Lorenzo,Gonzalo Luján,0.23,-0.04,-1.0,Eric Remedi,0.11,0.26,-1.0,
25-05-2024,17:30,Godoy Cruz,San Lorenzo,Argentina - Torneo Betano 2024,Malvinas Argentinas,completed_pass,1,46,2,San Lorenzo,Eric Remedi,0.08,0.34,-1.0,Jhohan Romaña,0.12,0.52,-1.0,
25-05-2024,17:30,Godoy Cruz,San Lorenzo,Argentina - Torneo Betano 2024,Malvinas Argentinas,completed_pass,1,46,5,San Lorenzo,Jhohan Romaña,0.15,0.59,-1.0,Gastón Gómez,0.56,-0.13,-1.0,
25-05-2024,17:30,Godoy Cruz,San Lorenzo,Argentina - Torneo Betano 2024,Malvinas Argentinas,completed_pass,1,46,15,San Lorenzo,Cristian Ferreira,-0.25,0.5,-1.0,Nahuel Barrios,-0.41,0.69,-1.0,
25-05-2024,17:30,Godoy Cruz,San Lorenzo,Argentina - Torneo Betano 2024,Malvinas Argentinas,completed_pass,1,46,18,San Lorenzo,Nahuel Barrios,-0.5,0.8,-1.0,Elías Báez,-0.89,0.67,-1.0,
25-05-2024,17:30,Godoy Cruz,San Lorenzo,Argentina - Torneo Betano 2024,Malvinas Argentinas,completed_pass,1,46,45,San Lorenzo,Agustín Giay,-0.78,-0.9,-1.0,Eric Remedi,-0.42,-0.79,-1.0,
25-05-2024,17:30,Godoy Cruz,San Lorenzo,Argentina - Torneo Betano 2024,Malvinas Argentinas,completed_pass,1,46,49,San Lorenzo,Eric Remedi,-0.34,-0.69,-1.0,Elián Irala,-0.25,-0.37,-1.0,
25-05-2024,17:30,Godoy Cruz,San Lorenzo,Argentina - Torneo Betano 2024,Malvinas Argentinas,completed_pass,1,46,52,San Lorenzo,Elián Irala,-0.27,-0.29,-1.0,Nahuel Barrios,-0.28,0.33,-1.0,
25-05-2024,17:30,Godoy Cruz,San Lorenzo,Argentina - Torneo Betano 2024,Malvinas Argentinas,completed_pass,1,46,55,San Lorenzo,Nahuel Barrios,-0.29,0.47,-1.0,Cristian Ferreira,-0.49,0.84,-1.0,
25-05-2024,17:30,Godoy Cruz,San Lorenzo,Argentina - Torneo Betano 2024,Malvinas Argentinas,completed_pass,1,46,58,San Lorenzo,Cristian Ferreira,-0.42,0.86,-1.0,Nahuel Barrios,-0.2,0.62,-1.0,
25-05-2024,17:30,Godoy Cruz,San Lorenzo,Argentina - Torneo Betano 2024,Malvinas Argentinas,completed_pass,1,47,6,San Lorenzo,Elián Irala,-0.09,-0.41,-1.0,Agustín Giay,-0.32,-0.81,-1.0,
25-05-2024,17:30,Godoy Cruz,San Lorenzo,Argentina - Torneo Betano 2024,Malvinas Argentinas,completed_pass,1,47,8,San Lorenzo,Agustín Giay,-0.41,-0.79,-1.0,Iván Leguizamón,-0.62,-0.7,-1.0,
25-05-2024,17:30,Godoy Cruz,San Lorenzo,Argentina - Torneo Betano 2024,Malvinas Argentinas,completed_pass,1,46,0,San Lorenzo,Nahuel Barrios,-0.12,0.48,-1.0,Elián Irala,-0.07,-0.06,-1.0,
25-05-2024,17:30,Godoy Cruz,San Lorenzo,Argentina - Torneo Betano 2024,Malvinas Argentinas,completed_pass,1,47,40,San Lorenzo,Agustín Giay,-0.8,0.35,-1.0,Adam Bareiro,-0.87,0.16,-1.0,
25-05-2024,17:30,Godoy Cruz,San Lorenzo,Argentina - Torneo Betano 2024,Malvinas Argentinas,completed_pass,1,56,33,Godoy Cruz,Nahuel Ulariaga,0.33,0.04,-1.0,Nicolás Fernández,0.07,-0.03,-1.0,
25-05-2024,17:30,Godoy Cruz,San Lorenzo,Argentina - Torneo Betano 2024,Malvinas Argentinas,completed_pass,1,56,47,San Lorenzo,Gonzalo Luján,0.53,-0.83,-1.0,Agustín Giay,0.35,-0.86,-1.0,
25-05-2024,17:30,Godoy Cruz,San Lorenzo,Argentina - Torneo Betano 2024,Malvinas Argentinas,completed_pass,1,56,53,Godoy Cruz,Nicolás Fernández,-0.38,-0.34,-1.0,Tomás Conechny,-0.14,-0.56,-1.0,
25-05-2024,17:30,Godoy Cruz,San Lorenzo,Argentina - Torneo Betano 2024,Malvinas Argentinas,completed_pass,1,56,57,Godoy Cruz,Tomás Conechny,-0.26,-0.83,-1.0,Federico Rasmussen,-0.48,-0.75,-1.0,
25-05-2024,17:30,Godoy Cruz,San Lorenzo,Argentina - Torneo Betano 2024,Malvinas Argentinas,completed_pass,1,57,0,Godoy Cruz,Federico Rasmussen,-0.47,-0.47,-1.0,Franco Petroli,-0.63,0.08,-1.0,
25-05-2024,17:30,Godoy Cruz,San Lorenzo,Argentina - Torneo Betano 2024,Malvinas Argentinas,completed_pass,1,57,4,San Lorenzo,Eric Remedi,-0.13,0.31,-1.0,Cristian Ferreira,-0.25,0.37,-1.0,
25-05-2024,17:30,Godoy Cruz,San Lorenzo,Argentina - Torneo Betano 2024,Malvinas Argentinas,completed_pass,1,57,8,San Lorenzo,Cristian Ferreira,-0.33,0.43,-1.0,Nahuel Barrios,-0.4,0.68,-1.0,
25-05-2024,17:30,Godoy Cruz,San Lorenzo,Argentina - Torneo Betano 2024,Malvinas Argentinas,completed_pass,1,57,9,San Lorenzo,Nahuel Barrios,-0.48,0.83,-1.0,Adam Bareiro,-0.81,0.68,-1.0,
25-05-2024,17:30,Godoy Cruz,San Lorenzo,Argentina - Torneo Betano 2024,Malvinas Argentinas,completed_pass,1,57,13,San Lorenzo,Elías Báez,-0.52,0.64,-1.0,Eric Remedi,-0.49,0.49,-1.0,
25-05-2024,17:30,Godoy Cruz,San Lorenzo,Argentina - Torneo Betano 2024,Malvinas Argentinas,completed_pass,1,57,18,San Lorenzo,Eric Remedi,-0.38,0.4,-1.0,Gonzalo Luján,-0.09,-0.37,-1.0,
25-05-2024,17:30,Godoy Cruz,San Lorenzo,Argentina - Torneo Betano 2024,Malvinas Argentinas,completed_pass,1,58,4,San Lorenzo,Nahuel Barrios,0.18,0.74,-1.0,Eric Remedi,0.12,0.51,-1.0,
25-05-2024,17:30,Godoy Cruz,San Lorenzo,Argentina - Torneo Betano 2024,Malvinas Argentinas,completed_pass,1,58,7,San Lorenzo,Eric Remedi,0.09,0.54,-1.0,Cristian Ferreira,-0.21,0.62,-1.0,
25-05-2024,17:30,Godoy Cruz,San Lorenzo,Argentina - Torneo Betano 2024,Malvinas Argentinas,completed_pass,1,58,8,San Lorenzo,Cristian Ferreira,-0.23,0.69,-1.0,Elías Báez,-0.23,0.8,-1.0,
25-05-2024,17:30,Godoy Cruz,San Lorenzo,Argentina - Torneo Betano 2024,Malvinas Argentinas,completed_pass,1,58,10,San Lorenzo,Elías Báez,-0.27,0.8,-1.0,Adam Bareiro,-0.43,0.68,-1.0,
25-05-2024,17:30,Godoy Cruz,San Lorenzo,Argentina - Torneo Betano 2024,Malvinas Argentinas,completed_pass,1,58,11,San Lorenzo,Adam Bareiro,-0.45,0.68,-1.0,Nahuel Barrios,-0.44,0.8,-1.0,
25-05-2024,17:30,Godoy Cruz,San Lorenzo,Argentina - Torneo Betano 2024,Malvinas Argentinas,completed_pass,1,58,16,Godoy Cruz,Bruno Leyes,-0.4,0.31,-1.0,Pier Barrios,-0.4,0.52,-1.0,
25-05-2024,17:30,Godoy Cruz,San Lorenzo,Argentina - Torneo Betano 2024,Malvinas Argentinas,completed_pass,1,58,17,Godoy Cruz,Pier Barrios,-0.41,0.75,-1.0,Lucas Arce,-0.51,0.73,-1.0,
25-05-2024,17:30,Godoy Cruz,San Lorenzo,Argentina - Torneo Betano 2024,Malvinas Argentinas,completed_pass,1,58,23,San Lorenzo,Elián Irala,-0.11,0.61,-1.0,Eric Remedi,-0.13,0.8,-1.0,
25-05-2024,17:30,Godoy Cruz,San Lorenzo,Argentina - Torneo Betano 2024,Malvinas Argentinas,completed_pass,1,58,31,San Lorenzo,Eric Remedi,-0.1,0.83,-1.0,Jhohan Romaña,0.23,0.78,-1.0,
25-05-2024,17:30,Godoy Cruz,San Lorenzo,Argentina - Torneo Betano 2024,Malvinas Argentinas,completed_pass,1,58,35,San Lorenzo,Jhohan Romaña,0.28,0.71,-1.0,Eric Remedi,0.07,0.7,-1.0,
25-05-2024,17:30,Godoy Cruz,San Lorenzo,Argentina - Torneo Betano 2024,Malvinas Argentinas,completed_pass,1,58,39,San Lorenzo,Eric Remedi,-0.06,0.59,-1.0,Agustín Giay,-0.72,0.21,-1.0,
25-05-2024,17:30,Godoy Cruz,San Lorenzo,Argentina - Torneo Betano 2024,Malvinas Argentinas,completed_pass,2,45,3,San Lorenzo,Cristian Ferreira,-0.01,-0.02,-1.0,Adam Bareiro,0.03,0.04,-1.0,
25-05-2024,17:30,Godoy Cruz,San Lorenzo,Argentina - Torneo Betano 2024,Malvinas Argentinas,completed_pass,2,45,5,San Lorenzo,Adam Bareiro,0.07,0.07,-1.0,Cristian Ferreira,-0.03,0.07,-1.0,
25-05-2024,17:30,Godoy Cruz,San Lorenzo,Argentina - Torneo Betano 2024,Malvinas Argentinas,completed_pass,2,45,6,San Lorenzo,Cristian Ferreira,-0.06,0.1,-1.0,Elián Irala,-0.27,0.45,-1.0,
25-05-2024,17:30,Godoy Cruz,San Lorenzo,Argentina - Torneo Betano 2024,Malvinas Argentinas,completed_pass,2,45,11,San Lorenzo,Elián Irala,-0.19,0.61,-1.0,Iván Leguizamón,-0.13,0.83,-1.0,
25-05-2024,17:30,Godoy Cruz,San Lorenzo,Argentina - Torneo Betano 2024,Malvinas Argentinas,completed_pass,2,45,37,Godoy Cruz,Pier Barrios,0.38,-0.73,-1.0,Lucas Arce,0.4,-0.79,-1.0,
25-05-2024,17:30,Godoy Cruz,San Lorenzo,Argentina - Torneo Betano 2024,Malvinas Argentinas,completed_pass,2,45,40,Godoy Cruz,Lucas Arce,0.41,-0.82,-1.0,Pier Barrios,0.39,-0.78,-1.0,
25-05-2024,17:30,Godoy Cruz,San Lorenzo,Argentina - Torneo Betano 2024,Malvinas Argentinas,completed_pass,2,45,46,San Lorenzo,Elías Báez,-0.44,-0.66,-1.0,Eric Remedi,-0.24,-0.61,-1.0,
25-05-2024,17:30,Godoy Cruz,San Lorenzo,Argentina - Torneo Betano 2024,Malvinas Argentinas,completed_pass,2,45,47,San Lorenzo,Eric Remedi,-0.32,-0.59,-1.0,Elián Irala,-0.33,-0.54,-1.0,
25-05-2024,17:30,Godoy Cruz,San Lorenzo,Argentina - Torneo Betano 2024,Malvinas Argentinas,completed_pass,2,45,48,San Lorenzo,Elián Irala,-0.27,-0.52,-1.0,Eric Remedi,-0.26,-0.6,-1.0,
25-05-2024,17:30,Godoy Cruz,San Lorenzo,Argentina - Torneo Betano 2024,Malvinas Argentinas,completed_pass,2,45,49,San Lorenzo,Eric Remedi,-0.18,-0.71,-1.0,Nahuel Barrios,-0.18,-0.78,-1.0,
25-05-2024,17:30,Godoy Cruz,San Lorenzo,Argentina - Torneo Betano 2024,Malvinas Argentinas,completed_pass,2,45,51,San Lorenzo,Nahuel Barrios,-0.17,-0.77,-1.0,Eric Remedi,-0.18,-0.72,-1.0,
25-05-2024,17:30,Godoy Cruz,San Lorenzo,Argentina - Torneo Betano 2024,Malvinas Argentinas,completed_pass,2,45,53,San Lorenzo,Eric Remedi,-0.1,-0.71,-1.0,Cristian Ferreira,0.14,-0.77,-1.0,
25-05-2024,17:30,Godoy Cruz,San Lorenzo,Argentina - Torneo Betano 2024,Malvinas Argentinas,completed_pass,2,45,55,San Lorenzo,Cristian Ferreira,0.16,-0.79,-1.0,Nahuel Barrios,0.2,-0.89,-1.0,
25-05-2024,17:30,Godoy Cruz,San Lorenzo,Argentina - Torneo Betano 2024,Malvinas Argentinas,completed_pass,2,45,56,San Lorenzo,Nahuel Barrios,0.17,-0.9,-1.0,Cristian Ferreira,0.11,-0.9,-1.0,
25-05-2024,17:30,Godoy Cruz,San Lorenzo,Argentina - Torneo Betano 2024,Malvinas Argentinas,completed_pass,2,45,59,San Lorenzo,Cristian Ferreira,0.12,-0.76,-1.0,Eric Remedi,0.07,-0.58,-1.0,
25-05-2024,17:30,Godoy Cruz,San Lorenzo,Argentina - Torneo Betano 2024,Malvinas Argentinas,completed_pass,2,46,1,San Lorenzo,Eric Remedi,0.04,-0.53,-1.0,Gonzalo Luján,-0.06,0.2,-1.0,
25-05-2024,17:30,Godoy Cruz,San Lorenzo,Argentina - Torneo Betano 2024,Malvinas Argentinas,completed_pass,2,46,13,Godoy Cruz,Bruno Leyes,0.32,0.05,-1.0,Thomas Galdames,0.23,0.55,-1.0,
25-05-2024,17:30,Godoy Cruz,San Lorenzo,Argentina - Torneo Betano 2024,Malvinas Argentinas,completed_pass,2,46,21,San Lorenzo,Agustín Giay,0.17,0.78,-1.0,Iván Leguizamón,0.36,0.85,-1.0,
25-05-2024,17:30,Godoy Cruz,San Lorenzo,Argentina - Torneo Betano 2024,Malvinas Argentinas,completed_pass,2,46,30,San Lorenzo,Elías Báez,-0.25,-0.24,-1.0,Gonzalo Luján,-0.29,0.2,-1.0,
25-05-2024,17:30,Godoy Cruz,San Lorenzo,Argentina - Torneo Betano 2024,Malvinas Argentinas,completed_pass,2,46,33,San Lorenzo,Gonzalo Luján,-0.28,0.35,-1.0,Iván Leguizamón,0.12,0.5,-1.0,
25-05-2024,17:30,Godoy Cruz,San Lorenzo,Argentina - Torneo Betano 2024,Malvinas Argentinas,completed_pass,2,46,39,Godoy Cruz,Bruno Leyes,0.32,0.27,-1.0,Vicente Poggi,0.18,0.17,-1.0,
25-05-2024,17:30,Godoy Cruz,San Lorenzo,Argentina - Torneo Betano 2024,Malvinas Argentinas,completed_pass,2,46,41,Godoy Cruz,Vicente Poggi,0.26,0.05,-1.0,Lucas Arce,-0.25,-0.62,-1.0,
25-05-2024,17:30,Godoy Cruz,San Lorenzo,Argentina - Torneo Betano 2024,Malvinas Argentinas,incomplete_pass,1,0,6,Godoy Cruz,Franco Petroli,-0.65,0.28,-1.0,,0.42,-0.61,-1.0,
25-05-2024,17:30,Godoy Cruz,San Lorenzo,Argentina - Torneo Betano 2024,Malvinas Argentinas,incomplete_pass,1,0,11,Godoy Cruz,Thomas Galdames,0.03,-0.72,-1.0,,0.24,-0.94,-1.0,
25-05-2024,17:30,Godoy Cruz,San Lorenzo,Argentina - Torneo Betano 2024,Malvinas Argentinas,incomplete_pass,1,0,10,San Lorenzo,Agustín Giay,0.32,-0.81,-1.0,,-0.17,-0.82,-1.0,
25-05-2024,17:30,Godoy Cruz,San Lorenzo,Argentina - Torneo Betano 2024,Malvinas Argentinas,incomplete_pass,1,1,23,Godoy Cruz,Lucas Arce,0.32,0.1,-1.0,,0.57,0.01,-1.0,
25-05-2024,17:30,Godoy Cruz,San Lorenzo,Argentina - Torneo Betano 2024,Malvinas Argentinas,incomplete_pass,1,1,30,Godoy Cruz,Federico Rasmussen,-0.07,-0.03,-1.0,,0.24,0.26,-1.0,
25-05-2024,17:30,Godoy Cruz,San Lorenzo,Argentina - Torneo Betano 2024,Malvinas Argentinas,incomplete_pass,1,1,27,San Lorenzo,Cristian Ferreira,0.58,0.12,-1.0,,-0.03,0.49,-1.0,
25-05-2024,17:30,Godoy Cruz,San Lorenzo,Argentina - Torneo Betano 2024,Malvinas Argentinas,incomplete_pass,1,1,46,San Lorenzo,Cristian Ferreira,-0.55,0.12,-1.0,,-0.98,0.29,-1.0,
25-05-2024,17:30,Godoy Cruz,San Lorenzo,Argentina - Torneo Betano 2024,Malvinas Argentinas,incomplete_pass,1,2,5,Godoy Cruz,Pier Barrios,-0.42,0.51,-1.0,,0.28,0.17,-1.0,
25-05-2024,17:30,Godoy Cruz,San Lorenzo,Argentina - Torneo Betano 2024,Malvinas Argentinas,incomplete_pass,1,2,12,Godoy Cruz,Bruno Leyes,-0.16,0.45,-1.0,,-0.22,0.77,-1.0,
25-05-2024,17:30,Godoy Cruz,San Lorenzo,Argentina - Torneo Betano 2024,Malvinas Argentinas,incomplete_pass,1,3,6,Godoy Cruz,Lucas Arce,-0.3,0.25,-1.0,,-0.27,0.02,-1.0,
25-05-2024,17:30,Godoy Cruz,San Lorenzo,Argentina - Torneo Betano 2024,Malvinas Argentinas,incomplete_pass,1,3,3,San Lorenzo,Adam Bareiro,-0.55,0.67,-1.0,,-0.5,0.43,-1.0,
25-05-2024,17:30,Godoy Cruz,San Lorenzo,Argentina - Torneo Betano 2024,Malvinas Argentinas,incomplete_pass,1,3,12,San Lorenzo,Iván Leguizamón,-0.3,-0.49,-1.0,,-0.96,0.84,-1.0,
25-05-2024,17:30,Godoy Cruz,San Lorenzo,Argentina - Torneo Betano 2024,Malvinas Argentinas,incomplete_pass,1,3,30,Godoy Cruz,Vicente Poggi,-0.12,-0.44,-1.0,,-0.18,-0.53,-1.0,
25-05-2024,17:30,Godoy Cruz,San Lorenzo,Argentina - Torneo Betano 2024,Malvinas Argentinas,incomplete_pass,1,3,49,Godoy Cruz,Nahuel Ulariaga,0.23,0.48,-1.0,,0.42,0.49,-1.0,
25-05-2024,17:30,Godoy Cruz,San Lorenzo,Argentina - Torneo Betano 2024,Malvinas Argentinas,incomplete_pass,1,4,12,Godoy Cruz,Lucas Arce,0.34,0.67,-1.0,,0.39,0.77,-1.0,
25-05-2024,17:30,Godoy Cruz,San Lorenzo,Argentina - Torneo Betano 2024,Malvinas Argentinas,incomplete_pass,1,4,28,Godoy Cruz,Tomás Conechny,0.17,-0.51,-1.0,,0.38,0.05,-1.0,
25-05-2024,17:30,Godoy Cruz,San Lorenzo,Argentina - Torneo Betano 2024,Malvinas Argentinas,incomplete_pass,1,4,43,Godoy Cruz,Federico Rasmussen,-0.64,0.19,-1.0,,-0.39,0.25,-1.0,
25-05-2024,17:30,Godoy Cruz,San Lorenzo,Argentina - Torneo Betano 2024,Malvinas Argentinas,incomplete_pass,1,4,43,San Lorenzo,Elías Báez,-0.76,0.85,-1.0,,-0.69,0.27,-1.0,
25-05-2024,17:30,Godoy Cruz,San Lorenzo,Argentina - Torneo Betano 2024,Malvinas Argentinas,incomplete_pass,1,4,57,San Lorenzo,Jhohan Romaña,-0.05,0.61,-1.0,,-0.09,0.89,-1.0,
25-05-2024,17:30,Godoy Cruz,San Lorenzo,Argentina - Torneo Betano 2024,Malvinas Argentinas,incomplete_pass,1,5,15,Godoy Cruz,Lucas Arce,0.33,0.73,-1.0,,0.72,0.67,-1.0,
25-05-2024,17:30,Godoy Cruz,San Lorenzo,Argentina - Torneo Betano 2024,Malvinas Argentinas,incomplete_pass,1,6,15,San Lorenzo,Gastón Gómez,0.75,-0.3,-1.0,,-0.6,0.03,-1.0,
25-05-2024,17:30,Godoy Cruz,San Lorenzo,Argentina - Torneo Betano 2024,Malvinas Argentinas,incomplete_pass,1,6,55,Godoy Cruz,Federico Rasmussen,-0.26,-0.42,-1.0,,0.43,-0.73,-1.0,
25-05-2024,17:30,Godoy Cruz,San Lorenzo,Argentina - Torneo Betano 2024,Malvinas Argentinas,incomplete_pass,1,7,5,San Lorenzo,Elián Irala,0.2,-0.55,-1.0,,-0.37,-0.96,-1.0,
25-05-2024,17:30,Godoy Cruz,San Lorenzo,Argentina - Torneo Betano 2024,Malvinas Argentinas,incomplete_pass,1,7,29,Godoy Cruz,Juan Bautista Cejas,0.54,0.69,-1.0,,0.78,-0.15,-1.0,
25-05-2024,17:30,Godoy Cruz,San Lorenzo,Argentina - Torneo Betano 2024,Malvinas Argentinas,incomplete_pass,1,8,20,Godoy Cruz,Federico Rasmussen,-0.26,-0.5,-1.0,,0.3,-0.27,-1.0,
25-05-2024,17:30,Godoy Cruz,San Lorenzo,Argentina - Torneo Betano 2024,Malvinas Argentinas,incomplete_pass,1,8,21,San Lorenzo,Iván Leguizamón,-0.18,-0.63,-1.0,,-0.28,-0.39,-1.0,
25-05-2024,17:30,Godoy Cruz,San Lorenzo,Argentina - Torneo Betano 2024,Malvinas Argentinas,incomplete_pass,1,8,33,San Lorenzo,Elián Irala,0.3,-0.58,-1.0,,0.11,-0.94,-1.0,
25-05-2024,17:30,Godoy Cruz,San Lorenzo,Argentina - Torneo Betano 2024,Malvinas Argentinas,incomplete_pass,1,9,40,San Lorenzo,Iván Leguizamón,-0.86,-0.85,-1.0,,-0.87,-0.77,-1.0,
25-05-2024,17:30,Godoy Cruz,San Lorenzo,Argentina - Torneo Betano 2024,Malvinas Argentinas,incomplete_pass,1,10,10,Godoy Cruz,Bruno Leyes,-0.61,-0.16,-1.0,,-0.4,0.03,-1.0,
25-05-2024,17:30,Godoy Cruz,San Lorenzo,Argentina - Torneo Betano 2024,Malvinas Argentinas,incomplete_pass,1,10,16,San Lorenzo,Nahuel Barrios,-0.45,0.68,-1.0,,-0.43,0.59,-1.0,
25-05-2024,17:30,Godoy Cruz,San Lorenzo,Argentina - Torneo Betano 2024,Malvinas Argentinas,incomplete_pass,1,11,49,Godoy Cruz,Bruno Leyes,-0.25,-0.66,-1.0,,0.23,-0.89,-1.0,
25-05-2024,17:30,Godoy Cruz,San Lorenzo,Argentina - Torneo Betano 2024,Malvinas Argentinas,incomplete_pass,1,11,45,San Lorenzo,Cristian Ferreira,0.43,0.11,-1.0,,-0.08,-0.46,-1.0,
25-05-2024,17:30,Godoy Cruz,San Lorenzo,Argentina - Torneo Betano 2024,Malvinas Argentinas,incomplete_pass,1,13,20,Godoy Cruz,Lucas Arce,-0.25,0.45,-1.0,,0.34,0.27,-1.0,
25-05-2024,17:30,Godoy Cruz,San Lorenzo,Argentina - Torneo Betano 2024,Malvinas Argentinas,incomplete_pass,1,15,42,San Lorenzo,Eric Remedi,0.49,0.69,-1.0,,-0.38,0.97,-1.0,
25-05-2024,17:30,Godoy Cruz,San Lorenzo,Argentina - Torneo Betano 2024,Malvinas Argentinas,incomplete_pass,1,15,56,Godoy Cruz,Thomas Galdames,0.31,-0.77,-1.0,,0.47,-0.44,-1.0,
25-05-2024,17:30,Godoy Cruz,San Lorenzo,Argentina - Torneo Betano 2024,Malvinas Argentinas,incomplete_pass,1,16,8,Godoy Cruz,Federico Rasmussen,-0.33,-0.6,-1.0,,0.32,-0.66,-1.0,
25-05-2024,17:30,Godoy Cruz,San Lorenzo,Argentina - Torneo Betano 2024,Malvinas Argentinas,incomplete_pass,1,16,0,San Lorenzo,Eric Remedi,0.42,-0.34,-1.0,,-0.19,-0.92,-1.0,
25-05-2024,17:30,Godoy Cruz,San Lorenzo,Argentina - Torneo Betano 2024,Malvinas Argentinas,incomplete_pass,1,16,16,Godoy Cruz,Nicolás Fernández,0.38,-0.36,-1.0,,0.36,-0.5,-1.0,
25-05-2024,17:30,Godoy Cruz,San Lorenzo,Argentina - Torneo Betano 2024,Malvinas Argentinas,incomplete_pass,1,16,40,Godoy Cruz,Thomas Galdames,0.73,-0.81,-1.0,,0.71,-0.57,-1.0,
25-05-2024,17:30,Godoy Cruz,San Lorenzo,Argentina - Torneo Betano 2024,Malvinas Argentinas,incomplete_pass,1,16,51,Godoy Cruz,Tomás Conechny,0.39,0.04,-1.0,,0.41,-0.17,-1.0,
25-05-2024,17:30,Godoy Cruz,San Lorenzo,Argentina - Torneo Betano 2024,Malvinas Argentinas,incomplete_pass,1,17,27,Godoy Cruz,Pier Barrios,-0.29,0.32,-1.0,,0.35,-0.22,-1.0,
25-05-2024,17:30,Godoy Cruz,San Lorenzo,Argentina - Torneo Betano 2024,Malvinas Argentinas,incomplete_pass,1,17,26,San Lorenzo,Cristian Ferreira,-0.16,0.45,-1.0,,-0.33,0.12,-1.0,
25-05-2024,17:30,Godoy Cruz,San Lorenzo,Argentina - Torneo Betano 2024,Malvinas Argentinas,incomplete_pass,1,17,36,San Lorenzo,Iván Leguizamón,-0.43,-0.85,-1.0,,-0.61,-0.79,-1.0,
25-05-2024,17:30,Godoy Cruz,San Lorenzo,Argentina - Torneo Betano 2024,Malvinas Argentinas,incomplete_pass,1,18,57,Godoy Cruz,Lucas Arce,0.2,0.74,-1.0,,0.83,0.73,-1.0,
25-05-2024,17:30,Godoy Cruz,San Lorenzo,Argentina - Torneo Betano 2024,Malvinas Argentinas,incomplete_pass,1,19,4,San Lorenzo,Elías Báez,0.95,0.84,-1.0,,0.9,0.84,-1.0,
25-05-2024,17:30,Godoy Cruz,San Lorenzo,Argentina - Torneo Betano 2024,Malvinas Argentinas,incomplete_pass,1,19,26,San Lorenzo,Jhohan Romaña,0.57,0.49,-1.0,,0.2,0.72,-1.0,
25-05-2024,17:30,Godoy Cruz,San Lorenzo,Argentina - Torneo Betano 2024,Malvinas Argentinas,incomplete_pass,1,19,40,Godoy Cruz,Juan Bautista Cejas,0.59,0.8,-1.0,,0.65,0.7,-1.0,
25-05-2024,17:30,Godoy Cruz,San Lorenzo,Argentina - Torneo Betano 2024,Malvinas Argentinas,incomplete_pass,1,19,43,San Lorenzo,Jhohan Romaña,0.83,0.84,-1.0,,0.54,0.8,-1.0,
25-05-2024,17:30,Godoy Cruz,San Lorenzo,Argentina - Torneo Betano 2024,Malvinas Argentinas,incomplete_pass,1,21,30,Godoy Cruz,Lucas Arce,0.1,0.83,-1.0,,0.32,0.4,-1.0,
25-05-2024,17:30,Godoy Cruz,San Lorenzo,Argentina - Torneo Betano 2024,Malvinas Argentinas,incomplete_pass,1,21,30,San Lorenzo,Elías Báez,0.45,0.84,-1.0,,0.1,0.83,-1.0,
25-05-2024,17:30,Godoy Cruz,San Lorenzo,Argentina - Torneo Betano 2024,Malvinas Argentinas,incomplete_pass,1,21,55,Godoy Cruz,Lucas Arce,-0.27,0.74,-1.0,,0.5,-0.38,-1.0,
25-05-2024,17:30,Godoy Cruz,San Lorenzo,Argentina - Torneo Betano 2024,Malvinas Argentinas,incomplete_pass,1,22,2,Godoy Cruz,Bruno Leyes,0.13,-0.01,-1.0,,0.41,0.02,-1.0,
25-05-2024,17:30,Godoy Cruz,San Lorenzo,Argentina - Torneo Betano 2024,Malvinas Argentinas,incomplete_pass,1,22,1,San Lorenzo,Iván Leguizamón,0.35,-0.41,-1.0,,-0.02,-0.02,-1.0,
25-05-2024,17:30,Godoy Cruz,San Lorenzo,Argentina - Torneo Betano 2024,Malvinas Argentinas,incomplete_pass,1,22,6,San Lorenzo,Jhohan Romaña,0.41,0.21,-1.0,,-0.19,0.32,-1.0,
25-05-2024,17:30,Godoy Cruz,San Lorenzo,Argentina - Torneo Betano 2024,Malvinas Argentinas,incomplete_pass,1,22,46,Godoy Cruz,Bruno Leyes,0.17,-0.46,-1.0,,0.56,-0.52,-1.0,
25-05-2024,17:30,Godoy Cruz,San Lorenzo,Argentina - Torneo Betano 2024,Malvinas Argentinas,incomplete_pass,1,22,50,San Lorenzo,Agustín Giay,0.45,-0.7,-1.0,,0.25,-0.56,-1.0,
25-05-2024,17:30,Godoy Cruz,San Lorenzo,Argentina - Torneo Betano 2024,Malvinas Argentinas,incomplete_pass,1,23,0,Godoy Cruz,Lucas Arce,0.35,0.87,-1.0,,0.68,0.32,-1.0,
25-05-2024,17:30,Godoy Cruz,San Lorenzo,Argentina - Torneo Betano 2024,Malvinas Argentinas,incomplete_pass,1,23,27,Godoy Cruz,Juan Bautista Cejas,0.79,0.76,-1.0,,0.81,0.55,-1.0,
25-05-2024,17:30,Godoy Cruz,San Lorenzo,Argentina - Torneo Betano 2024,Malvinas Argentinas,incomplete_pass,1,23,53,Godoy Cruz,Juan Bautista Cejas,0.93,0.82,-1.0,,0.93,0.57,-1.0,
25-05-2024,17:30,Godoy Cruz,San Lorenzo,Argentina - Torneo Betano 2024,Malvinas Argentinas,incomplete_pass,1,25,0,San Lorenzo,Elías Báez,0.09,0.63,-1.0,,-0.29,0.51,-1.0,
25-05-2024,17:30,Godoy Cruz,San Lorenzo,Argentina - Torneo Betano 2024,Malvinas Argentinas,incomplete_pass,1,27,6,Godoy Cruz,Federico Rasmussen,-0.13,-0.47,-1.0,,0.63,0.17,-1.0,
25-05-2024,17:30,Godoy Cruz,San Lorenzo,Argentina - Torneo Betano 2024,Malvinas Argentinas,incomplete_pass,1,27,23,San Lorenzo,Elías Báez,0.31,0.84,-1.0,,-0.38,0.48,-1.0,
25-05-2024,17:30,Godoy Cruz,San Lorenzo,Argentina - Torneo Betano 2024,Malvinas Argentinas,incomplete_pass,1,30,18,Godoy Cruz,Juan Bautista Cejas,0.87,0.7,-1.0,,0.79,-0.08,-1.0,
25-05-2024,17:30,Godoy Cruz,San Lorenzo,Argentina - Torneo Betano 2024,Malvinas Argentinas,incomplete_pass,1,31,26,Godoy Cruz,Nahuel Ulariaga,0.34,-0.04,-1.0,,0.42,0.15,-1.0,
25-05-2024,17:30,Godoy Cruz,San Lorenzo,Argentina - Torneo Betano 2024,Malvinas Argentinas,incomplete_pass,1,31,30,Godoy Cruz,Vicente Poggi,0.27,0.21,-1.0,,0.39,0.09,-1.0,
25-05-2024,17:30,Godoy Cruz,San Lorenzo,Argentina - Torneo Betano 2024,Malvinas Argentinas,incomplete_pass,1,31,27,San Lorenzo,Elías Báez,0.38,0.14,-1.0,,0.27,-0.17,-1.0,
25-05-2024,17:30,Godoy Cruz,San Lorenzo,Argentina - Torneo Betano 2024,Malvinas Argentinas,incomplete_pass,1,31,46,San Lorenzo,Iván Leguizamón,-0.86,-0.86,-1.0,,-0.53,-0.99,-1.0,
25-05-2024,17:30,Godoy Cruz,San Lorenzo,Argentina - Torneo Betano 2024,Malvinas Argentinas,incomplete_pass,1,32,20,Godoy Cruz,Nicolás Fernández,-0.09,-0.32,-1.0,,-0.05,0.04,-1.0,
25-05-2024,17:30,Godoy Cruz,San Lorenzo,Argentina - Torneo Betano 2024,Malvinas Argentinas,incomplete_pass,1,32,32,Godoy Cruz,Juan Bautista Cejas,0.77,0.64,-1.0,,0.79,-0.22,-1.0,
25-05-2024,17:30,Godoy Cruz,San Lorenzo,Argentina - Torneo Betano 2024,Malvinas Argentinas,incomplete_pass,1,32,42,Godoy Cruz,Bruno Leyes,0.37,-0.12,-1.0,,0.4,-0.64,-1.0,
25-05-2024,17:30,Godoy Cruz,San Lorenzo,Argentina - Torneo Betano 2024,Malvinas Argentinas,incomplete_pass,1,33,24,Godoy Cruz,Tomás Conechny,0.41,-0.54,-1.0,,0.41,-0.4,-1.0,
25-05-2024,17:30,Godoy Cruz,San Lorenzo,Argentina - Torneo Betano 2024,Malvinas Argentinas,incomplete_pass,1,33,23,San Lorenzo,Eric Remedi,0.33,-0.67,-1.0,,-0.24,-0.68,-1.0,
25-05-2024,17:30,Godoy Cruz,San Lorenzo,Argentina - Torneo Betano 2024,Malvinas Argentinas,incomplete_pass,1,35,15,San Lorenzo,Cristian Ferreira,-0.08,-0.03,-1.0,,-0.29,-0.99,-1.0,
25-05-2024,17:30,Godoy Cruz,San Lorenzo,Argentina - Torneo Betano 2024,Malvinas Argentinas,incomplete_pass,1,35,45,Godoy Cruz,Nicolás Fernández,0.22,0.16,-1.0,,0.11,0.25,-1.0,
25-05-2024,17:30,Godoy Cruz,San Lorenzo,Argentina - Torneo Betano 2024,Malvinas Argentinas,incomplete_pass,1,36,6,Godoy Cruz,Juan Bautista Cejas,0.23,0.72,-1.0,,0.61,0.67,-1.0,
25-05-2024,17:30,Godoy Cruz,San Lorenzo,Argentina - Torneo Betano 2024,Malvinas Argentinas,incomplete_pass,1,36,33,San Lorenzo,Elías Báez,-0.2,0.51,-1.0,,-0.79,0.66,-1.0,
25-05-2024,17:30,Godoy Cruz,San Lorenzo,Argentina - Torneo Betano 2024,Malvinas Argentinas,incomplete_pass,1,36,53,Godoy Cruz,Franco Petroli,-0.69,-0.1,-1.0,,0.16,-0.68,-1.0,
25-05-2024,17:30,Godoy Cruz,San Lorenzo,Argentina - Torneo Betano 2024,Malvinas Argentinas,incomplete_pass,1,38,36,Godoy Cruz,Pier Barrios,-0.4,0.1,-1.0,,0.23,-0.36,-1.0,
25-05-2024,17:30,Godoy Cruz,San Lorenzo,Argentina - Torneo Betano 2024,Malvinas Argentinas,incomplete_pass,1,38,40,Godoy Cruz,Vicente Poggi,0.11,-0.02,-1.0,,0.34,0.39,-1.0,
25-05-2024,17:30,Godoy Cruz,San Lorenzo,Argentina - Torneo Betano 2024,Malvinas Argentinas,incomplete_pass,1,39,1,Godoy Cruz,Lucas Arce,-0.61,0.47,-1.0,,-0.52,0.88,-1.0,
25-05-2024,17:30,Godoy Cruz,San Lorenzo,Argentina - Torneo Betano 2024,Malvinas Argentinas,incomplete_pass,1,38,38,San Lorenzo,Elías Báez,0.18,0.3,-1.0,,-0.09,0.53,-1.0,
25-05-2024,17:30,Godoy Cruz,San Lorenzo,Argentina - Torneo Betano 2024,Malvinas Argentinas,incomplete_pass,1,38,58,San Lorenzo,Agustín Giay,-0.3,-0.86,-1.0,,-0.63,0.38,-1.0,
25-05-2024,17:30,Godoy Cruz,San Lorenzo,Argentina - Torneo Betano 2024,Malvinas Argentinas,incomplete_pass,1,46,12,Godoy Cruz,Lucas Arce,-0.46,0.22,-1.0,,-0.21,0.14,-1.0,
25-05-2024,17:30,Godoy Cruz,San Lorenzo,Argentina - Torneo Betano 2024,Malvinas Argentinas,incomplete_pass,1,46,12,San Lorenzo,Gastón Gómez,0.54,-0.13,-1.0,,-0.3,0.45,-1.0,
25-05-2024,17:30,Godoy Cruz,San Lorenzo,Argentina - Torneo Betano 2024,Malvinas Argentinas,incomplete_pass,1,46,20,San Lorenzo,Elías Báez,-0.92,0.63,-1.0,,-0.92,0.56,-1.0,
25-05-2024,17:30,Godoy Cruz,San Lorenzo,Argentina - Torneo Betano 2024,Malvinas Argentinas,incomplete_pass,1,56,37,Godoy Cruz,Nicolás Fernández,0.02,-0.04,-1.0,,-0.2,-0.24,-1.0,
25-05-2024,17:30,Godoy Cruz,San Lorenzo,Argentina - Torneo Betano 2024,Malvinas Argentinas,incomplete_pass,1,56,42,Godoy Cruz,Bruno Leyes,-0.25,-0.28,-1.0,,0.5,-0.66,-1.0,
25-05-2024,17:30,Godoy Cruz,San Lorenzo,Argentina - Torneo Betano 2024,Malvinas Argentinas,incomplete_pass,1,56,39,San Lorenzo,Iván Leguizamón,-0.31,-0.42,-1.0,,-0.24,-0.22,-1.0,
25-05-2024,17:30,Godoy Cruz,San Lorenzo,Argentina - Torneo Betano 2024,Malvinas Argentinas,incomplete_pass,1,56,52,San Lorenzo,Agustín Giay,0.28,-0.81,-1.0,,-0.14,-0.63,-1.0,
25-05-2024,17:30,Godoy Cruz,San Lorenzo,Argentina - Torneo Betano 2024,Malvinas Argentinas,incomplete_pass,1,57,1,Godoy Cruz,Franco Petroli,-0.61,-0.15,-1.0,,-0.15,0.09,-1.0,
25-05-2024,17:30,Godoy Cruz,San Lorenzo,Argentina - Torneo Betano 2024,Malvinas Argentinas,incomplete_pass,1,57,13,Godoy Cruz,Pier Barrios,-0.74,0.34,-1.0,,-0.59,0.21,-1.0,
25-05-2024,17:30,Godoy Cruz,San Lorenzo,Argentina - Torneo Betano 2024,Malvinas Argentinas,incomplete_pass,1,57,21,San Lorenzo,Gonzalo Luján,-0.08,-0.44,-1.0,,-0.98,-0.79,-1.0,
25-05-2024,17:30,Godoy Cruz,San Lorenzo,Argentina - Torneo Betano 2024,Malvinas Argentinas,incomplete_pass,1,58,13,San Lorenzo,Nahuel Barrios,-0.4,0.8,-1.0,,-0.53,0.5,-1.0,
25-05-2024,17:30,Godoy Cruz,San Lorenzo,Argentina - Torneo Betano 2024,Malvinas Argentinas,incomplete_pass,1,58,19,Godoy Cruz,Lucas Arce,-0.48,0.63,-1.0,,0.17,0.73,-1.0,
25-05-2024,17:30,Godoy Cruz,San Lorenzo,Argentina - Torneo Betano 2024,Malvinas Argentinas,incomplete_pass,2,45,9,San Lorenzo,Elián Irala,-0.26,0.48,-1.0,,0.13,0.55,-1.0,
25-05-2024,17:30,Godoy Cruz,San Lorenzo,Argentina - Torneo Betano 2024,Malvinas Argentinas,incomplete_pass,2,45,14,San Lorenzo,Iván Leguizamón,-0.04,0.82,-1.0,,0.36,-0.37,-1.0,
25-05-2024,17:30,Godoy Cruz,San Lorenzo,Argentina - Torneo Betano 2024,Malvinas Argentinas,incomplete_pass,2,45,19,Godoy Cruz,Lucas Arce,0.5,-0.77,-1.0,,0.16,-0.42,-1.0,
25-05-2024,17:30,Godoy Cruz,San Lorenzo,Argentina - Torneo Betano 2024,Malvinas Argentinas,incomplete_pass,2,45,17,San Lorenzo,Elías Báez,0.4,-0.78,-1.0,,0.4,-0.78,-1.0,
25-05-2024,17:30,Godoy Cruz,San Lorenzo,Argentina - Torneo Betano 2024,Malvinas Argentinas,incomplete_pass,2,45,41,Godoy Cruz,Pier Barrios,0.31,-0.52,-1.0,,-0.21,-0.42,-1.0,
25-05-2024,17:30,Godoy Cruz,San Lorenzo,Argentina - Torneo Betano 2024,Malvinas Argentinas,incomplete_pass,2,46,3,San Lorenzo,Gonzalo Luján,-0.1,0.23,-1.0,,0.73,-0.47,-1.0,
25-05-2024,17:30,Godoy Cruz,San Lorenzo,Argentina - Torneo Betano 2024,Malvinas Argentinas,incomplete_pass,2,46,30,Godoy Cruz,Tomás Conechny,0.18,0.68,-1.0,,-0.3,-0.29,-1.0,
25-05-2024,17:30,Godoy Cruz,San Lorenzo,Argentina - Torneo Betano 2024,Malvinas Argentinas,incomplete_pass,2,46,35,San Lorenzo,Iván Leguizamón,0.1,0.58,-1.0,,0.16,0.6,-1.0,
25-05-2024,17:30,Godoy Cruz,San Lorenzo,Argentina - Torneo Betano 2024,Malvinas Argentinas,corner,1,10,8,San Lorenzo,Iván Leguizamón,-0.99,-0.99,-1.0,,-0.79,0.02,-1.0,
25-05-2024,17:30,Godoy Cruz,San Lorenzo,Argentina - Torneo Betano 2024,Malvinas Argentinas,corner,1,24,9,Godoy Cruz,Juan Bautista Cejas,0.99,0.95,-1.0,,0.74,-0.16,-1.0,
25-05-2024,17:30,Godoy Cruz,San Lorenzo,Argentina - Torneo Betano 2024,Malvinas Argentinas,corner,1,46,34,San Lorenzo,Cristian Ferreira,-0.98,0.95,-1.0,,-0.82,0.3,-1.0,
25-05-2024,17:30,Godoy Cruz,San Lorenzo,Argentina - Torneo Betano 2024,Malvinas Argentinas,corner,1,47,34,San Lorenzo,Iván Leguizamón,-0.8,0.13,-1.0,,-0.8,0.13,-1.0,
25-05-2024,17:30,Godoy Cruz,San Lorenzo,Argentina - Torneo Betano 2024,Malvinas Argentinas,clearance,1,2,14,San Lorenzo,Jhohan Romaña,,,,,,,,
25-05-2024,17:30,Godoy Cruz,San Lorenzo,Argentina - Torneo Betano 2024,Malvinas Argentinas,clearance,1,2,38,Godoy Cruz,Lucas Arce,,,,,,,,
25-05-2024,17:30,Godoy Cruz,San Lorenzo,Argentina - Torneo Betano 2024,Malvinas Argentinas,clearance,1,7,32,San Lorenzo,Agustín Giay,,,,,,,,
25-05-2024,17:30,Godoy Cruz,San Lorenzo,Argentina - Torneo Betano 2024,Malvinas Argentinas,clearance,1,10,12,Godoy Cruz,Bruno Leyes,,,,,,,,
25-05-2024,17:30,Godoy Cruz,San Lorenzo,Argentina - Torneo Betano 2024,Malvinas Argentinas,clearance,1,23,4,San Lorenzo,Gonzalo Luján,,,,,,,,
25-05-2024,17:30,Godoy Cruz,San Lorenzo,Argentina - Torneo Betano 2024,Malvinas Argentinas,clearance,1,23,30,San Lorenzo,Elías Báez,,,,,,,,
25-05-2024,17:30,Godoy Cruz,San Lorenzo,Argentina - Torneo Betano 2024,Malvinas Argentinas,clearance,1,30,22,San Lorenzo,Gonzalo Luján,,,,,,,,
25-05-2024,17:30,Godoy Cruz,San Lorenzo,Argentina - Torneo Betano 2024,Malvinas Argentinas,clearance,1,32,35,San Lorenzo,Agustín Giay,,,,,,,,
25-05-2024,17:30,Godoy Cruz,San Lorenzo,Argentina - Torneo Betano 2024,Malvinas Argentinas,clearance,1,39,2,Godoy Cruz,Lucas Arce,,,,,,,,
25-05-2024,17:30,Godoy Cruz,San Lorenzo,Argentina - Torneo Betano 2024,Malvinas Argentinas,clearance,1,46,43,Godoy Cruz,Nahuel Ulariaga,,,,,,,,
25-05-2024,17:30,Godoy Cruz,San Lorenzo,Argentina - Torneo Betano 2024,Malvinas Argentinas,clearance,1,47,15,Godoy Cruz,Vicente Poggi,,,,,,,,
25-05-2024,17:30,Godoy Cruz,San Lorenzo,Argentina - Torneo Betano 2024,Malvinas Argentinas,clearance,1,56,48,Godoy Cruz,Bruno Leyes,,,,,,,,
25-05-2024,17:30,Godoy Cruz,San Lorenzo,Argentina - Torneo Betano 2024,Malvinas Argentinas,clearance,1,57,23,Godoy Cruz,Vicente Poggi,,,,,,,,
25-05-2024,17:30,Godoy Cruz,San Lorenzo,Argentina - Torneo Betano 2024,Malvinas Argentinas,goal,1,34,11,Godoy Cruz,Nahuel Ulariaga,0.82,-0.03,-1.0,Tomás Conechny,1.0,0.07,0.4,
25-05-2024,17:30,Godoy Cruz,San Lorenzo,Argentina - Torneo Betano 2024,Malvinas Argentinas,goal,1,59,14,San Lorenzo,Agustín Giay,-0.72,0.22,-1.0,Eric Remedi,-0.99,-0.01,0.11,
